Class,PK_CountLineCode,PK_CountLineCodeDecl,PK_CountLineCodeExe,PK_AvgCountLineCode,PK_AvgLineCodeDecl,PK_AvgLineCodeExe,PK_MaxLineCode,PK_MaxLineCodeDecl,PK_MaxLineCodeExe,PK_MinLineCode,PK_MinLineCodeDecl,PK_MinLineCodeExe,PK_SDLineCode,PK_SDLineCodeDecl,PK_SDLineCodeExe,PK_CountStmt,PK_CountStmtDecl,PK_CountStmtExe,PK_AvgStmt,PK_AvgStmtDecl,PK_AvgStmtExe,PK_MaxStmt,PK_MaxStmtDecl,PK_MaxStmtExe,PK_MinStmt,PK_MinStmtDecl,PK_MinStmtExe,PK_SDStmt,PK_SDStmtDecl,PK_SDStmtExe,PK_CountDeclClassMethod,PK_CountDeclClassVariable,PK_CountDeclInstanceMethod,PK_CountDeclInstanceVariable,PK_PKNOMNAMM,PK_CountDeclClass,PK_CountDeclFile,PK_SumCyclomatic,PK_MaxCyclomatic,PK_AvgCyclomatic,PK_MinCyclomatic,PK_MinCyclomaticModified,PK_MinCyclomaticStrict,PK_MinEssential,PK_SDCyclomatic,PK_SDCyclomaticModified,PK_SDCyclomaticStrict,PK_SDEssential,PK_MaxNesting,PK_MinNesting,PK_AvgNesting,PK_SDNesting,PK_CountDeclMethodDefault,PK_CountDeclMethodPrivate,PK_CountDeclMethodProtected,PK_CountDeclMethodPublic,PK_PKNOAMM,PK_PKNOI,PK_PKNOAC,CSLEX_NumberOfTokens,CSLEX_NumberOfUniqueTokens,CSLEX_NumberOfIdentifies,CSLEX_NumberOfUniqueIdentifiers,CSLEX_NumberOfKeywords,CSLEX_NumberOfUniqueKeywords,CSLEX_NumberOfAssignments,CSLEX_NumberOfOperatorsWithoutAssignments,CSLEX_NumberOfUniqueOperators,CSLEX_NumberOfSemicolons,CSLEX_NumberOfDots,CSLEX_NumberOfReturnAndPrintStatements,CSLEX_NumberOfConditionalJumpStatements,CSLEX_NumberOfUnConditionalJumpStatements,CSLEX_NumberOfExceptionStatements,CSLEX_NumberOfNewStatements,CSLEX_NumberOfSuperStatements,CSORD_CountLineCode,CSORD_CountLineCodeDecl,CSORD_CountLineCodeExe,CSORD_AvgCountLineCode,CSORD_AvgLineCodeDecl,CSORD_AvgLineCodeExe,CSORD_MaxLineCode,CSORD_MaxLineCodeDecl,CSORD_MaxLineCodeExe,CSORD_MinLineCode,CSORD_MinLineCodeDecl,CSORD_MinLineCodeExe,CSORD_SDLineCode,CSORD_SDLineCodeDecl,CSORD_SDLineCodeExe,CSORD_LogLineCode,CSORD_LogLineCodeDecl,CSORD_LogLineCodeExe,CSORD_CountLineCodeNAMM,CSORD_CountLineCodeDeclNAMM,CSORD_CountLineCodeExeNAMM,CSORD_AvgLineCodeNAMM,CSORD_AvgLineCodeDeclNAMM,CSORD_AvgLineCodeExeNAMM,CSORD_MaxLineCodeNAMM,CSORD_MaxLineCodeDeclNAMM,CSORD_MaxLineCodeExeNAMM,CSORD_MinLineCodeNAMM,CSORD_MinLineCodeDeclNAMM,CSORD_MinLineCodeExeNAMM,CSORD_SDLineCodeNAMM,CSORD_SDLineCodeDeclNAMM,CSORD_SDLineCodeExeNAMM,CSORD_LogStmt,CSORD_LogStmtDecl,CSORD_LogStmtExe,CSORD_CountStmt,CSORD_CountStmtDecl,CSORD_CountStmtExe,CSORD_AvgStmt,CSORD_AvgStmtDecl,CSORD_AvgStmtExe,CSORD_MaxStmt,CSORD_MaxStmtDecl,CSORD_MaxStmtExe,CSORD_MinStmt,CSORD_MinStmtDecl,CSORD_MinStmtExe,CSORD_SDStmt,CSORD_SDStmtDecl,CSORD_SDStmtExe,CSORD_CountStmtNAMM,CSORD_CountStmtDeclNAMM,CSORD_CountStmtExeNAMM,CSORD_AvgStmtNAMM,CSORD_AvgStmtDeclNAMM,CSORD_AvgStmtExeNAMM,CSORD_MaxStmtNAMM,CSORD_MaxStmtDeclNAMM,CSORD_MaxStmtExeNAMM,CSORD_MinStmtNAMM,CSORD_MinStmtDeclNAMM,CSORD_MinStmtExeNAMM,CSORD_SDStmtNAMM,CSORD_SDStmtDeclNAMM,CSORD_SDStmtExeNAMM,CSORD_CountDeclClassMethod,CSORD_CountDeclClassVariable,CSORD_CountDeclInstanceMethod,CSORD_CountDeclInstanceVariable,CSORD_CSNOMNAMM,CSORD_SumCSNOP,CSORD_MaxCSNOP,CSORD_MinCSNOP,CSORD_AvgCSNOP,CSORD_SDCSNOP,CSORD_SumCSNOPNAMM,CSORD_MaxCSNOPNAMM,CSORD_MinCSNOPNAMM,CSORD_AvgCSNOPNAMM,CSORD_SDCSNOPNAMM,CSORD_SumCyclomatic,CSORD_MaxCyclomatic,CSORD_AvgCyclomatic,CSORD_MinCyclomatic,CSORD_MinCyclomaticModified,CSORD_MinCyclomaticStrict,CSORD_MinEssential,CSORD_SDCyclomatic,CSORD_SDCyclomaticModified,CSORD_SDCyclomaticStrict,CSORD_SDEssential,CSORD_LogCyclomatic,CSORD_LogCyclomaticStrict,CSORD_LogCyclomaticModified,CSORD_LogEssential,CSORD_SumCyclomaticNAMM,CSORD_MaxCyclomaticNAMM,CSORD_AvgCyclomaticNAMM,CSORD_MinCyclomaticNAMM,CSORD_MinCyclomaticModifiedNAMM,CSORD_MinCyclomaticStrictNAMM,CSORD_MinEssentialNAMM,CSORD_SDCyclomaticNAMM,CSORD_SDCyclomaticModifiedNAMM,CSORD_SDCyclomaticStrictNAMM,CSORD_SDEssentialNAMM,CSORD_MaxNesting,CSORD_MinNesting,CSORD_AvgNesting,CSORD_SDNesting,CSORD_PercentLackOfCohesion,CSORD_CountClassCoupled,CSORD_RFC,CSORD_FANIN,CSORD_FANOUT,CSORD_ATFD,CSORD_CFNAMM,CSORD_DAC,CSORD_NumberOfMethodCalls,CSORD_CountDeclMethodDefault,CSORD_CountDeclMethodPrivate,CSORD_CountDeclMethodProtected,CSORD_CountDeclMethodPublic,CSORD_CSNOAMM,CSORD_MaxInheritanceTree,CSORD_CountClassDerived,CSORD_CountClassBase,CSORD_NIM,CSORD_NMO,CSORD_NOII,CSORD_SumCountPath,CSORD_MinCountPath,CSORD_MaxCountPath,CSORD_AvgCountPath,CSORD_SDCountPath,CSORD_SumCountPathLog,CSORD_MinCountPathLog,CSORD_MaxCountPathLog,CSORD_AvgCountPathLog,CSORD_SDCountPathLog,CSORD_SumKnots,CSORD_MinKnots,CSORD_MaxKnots,CSORD_AvgKnots,CSORD_SDKnots,CSORD_NumberOfClassConstructors,CSORD_NumberOfDepends,CSORD_NumberOfDependsBy,CSORD_NumberOfClassInItsFile
AST,719,242,355,5,9.48,14.16,122,21,71,3,2,0,21.95289502548582,4.1387920943193075,13.35868256977461,555,244,338,9.56,9.56,13.52,101,28,76,2,2,0,18.648324321504063,4.988627065636396,14.546807209831305,6,9,109,50,107,25,25,174,21,2,0,0,0,0,6.2768144786985705,6.249991999994879,6.966663476873273,2.6241951146970757,3,0,0.8,0.692820323027551,1,1,0,113,8,1,1,26,17,3,3,2,2,0,0,0,1,0,0,0,0,0,0,0,3,2,0,0,1.0,0.0,1,1,0,1,1,0,0.0,0.0,0.0,0.3010299956639812,0.3010299956639812,0.0,1,1,0,1.0,1.0,0.0,1,1,0,1,1,0,0.0,0.0,0.0,0.3010299956639812,0.3010299956639812,0.0,2,2,0,1.0,1.0,0.0,1,1,0,1,1,0,0.0,0.0,0.0,1,1,0,1.0,1.0,0.0,1,1,0,1,1,0,0.0,0.0,0.0,0,0,1,0,1,0,0,0,0.0,0.0,0,0,0,0.0,0.0,0,0,0,0,0,0,0,0.0,0.0,0.0,0.0,0.0,0.0,0.0,0.0,0,0,0.0,0,0,0,0,0.0,0.0,0.0,0.0,0,0,0.0,0.0,0,1,0,6,1,0,0,0,0,0,0,0,1,0,0,13,0,0,0,0,0,0,0,0.0,0.0,0,0,0,0.0,0.0,0,0,0,0.0,0.0,0,0,13,0
java_cup.runtime.lr_parser,576,125,324,12,29.75,81.0,489,94,287,3,2,0,200.6707502353046,37.298625980054545,119.21619017566364,442,124,328,29.5,29.5,82.0,377,93,294,2,2,0,155.1273670246485,36.86800781165155,122.62748468430722,1,1,52,19,48,4,4,121,13,3,0,0,0,0,42.75730931665368,42.75730931665368,44.05110668303352,22.219079638904937,4,0,1.25,1.6393596310755,1,0,15,37,5,1,1,5892,421,847,120,338,27,104,194,19,279,148,32,73,1,16,15,0,489,94,287,15,2.05,7.1,67,6,49,1,1,0,16.840130640823425,1.6424067705656842,11.863389060466659,2.678518379040114,1.919078092376074,2.45484486000851,426,73,255,11.833333333333334,2.0277777777777777,7.083333333333333,67,6,49,1,1,0,17.228045610444486,1.6747489216647622,12.261898982892765,2.5634810853944106,1.9138138523837167,2.4683473304121573,377,93,294,9.125,2.025,7.325,52,9,47,1,1,0,13.285683083680718,1.8232868671714826,12.069356859418814,327,71,265,9.083333333333334,1.9722222222222223,7.361111111111111,52,9,47,1,1,0,13.728265650757846,1.8482140194599745,12.5081146500488,1,1,39,10,36,26,4,0,0.65,0.9367496997597597,21,4,0,0.5833333333333334,0.924211375534118,104,13,3,0,0,0,0,3.3674916480965473,3.3674916480965473,3.423357270283077,1.6384062377810944,2.0211892990699383,2.03342375548695,2.0211892990699383,1.7481880270062005,91,13,2.5277777777777777,0,0,0,0,3.4438843630663385,3.4438843630663385,3.4516054593353482,1.4685488764318113,4,0,0.85,1.2951833846988619,87,8,0,157,169,5,0,7,0,0,0,14,26,4,1,0,1,0,0,0,203,0,56,5.075,10.836022102229212,11,0,2,0.275,0.5471517157059823,52,0,11,1.3,2.794637722496424,2,3,0,1
java_cup.runtime.Scanner,576,125,324,12,29.75,81.0,489,94,287,3,2,0,200.6707502353046,37.298625980054545,119.21619017566364,442,124,328,29.5,29.5,82.0,377,93,294,2,2,0,155.1273670246485,36.86800781165155,122.62748468430722,1,1,52,19,48,4,4,121,13,3,0,0,0,0,42.75730931665368,42.75730931665368,44.05110668303352,22.219079638904937,4,0,1.25,1.6393596310755,1,0,15,37,5,1,1,44,24,8,8,5,4,0,0,0,1,3,0,0,0,1,0,0,3,2,0,0,1.0,0.0,1,1,0,1,1,0,0.0,0.0,0.0,0.3010299956639812,0.3010299956639812,0.0,1,1,0,1.0,1.0,0.0,1,1,0,1,1,0,0.0,0.0,0.0,0.3010299956639812,0.3010299956639812,0.0,2,2,0,1.0,1.0,0.0,1,1,0,1,1,0,0.0,0.0,0.0,1,1,0,1.0,1.0,0.0,1,1,0,1,1,0,0.0,0.0,0.0,0,0,1,0,1,0,0,0,0.0,0.0,0,0,0,0.0,0.0,0,0,0,0,0,0,0,0.0,0.0,0.0,0.0,0.0,0.0,0.0,0.0,0,0,0.0,0,0,0,0,0.0,0.0,0.0,0.0,0,0,0.0,0.0,0,2,0,1,1,0,0,0,0,0,0,0,1,0,0,0,0,0,0,0,0,0,0,0.0,0.0,0,0,0,0.0,0.0,0,0,0,0.0,0.0,0,1,1,0
java_cup.runtime.Symbol,576,125,324,12,29.75,81.0,489,94,287,3,2,0,200.6707502353046,37.298625980054545,119.21619017566364,442,124,328,29.5,29.5,82.0,377,93,294,2,2,0,155.1273670246485,36.86800781165155,122.62748468430722,1,1,52,19,48,4,4,121,13,3,0,0,0,0,42.75730931665368,42.75730931665368,44.05110668303352,22.219079638904937,4,0,1.25,1.6393596310755,1,0,15,37,5,1,1,367,57,52,18,34,9,9,6,2,18,1,1,0,0,0,0,0,31,12,14,4,1.0,2.1666666666666665,6,1,4,1,1,1,1.8257418583505538,0.0,1.3437096247164249,1.3979400086720377,0.8450980400142568,1.146128035678238,24,6,13,4.0,1.0,2.1666666666666665,6,1,4,1,1,1,1.8257418583505538,0.0,1.3437096247164249,1.3010299956639813,0.8450980400142568,1.146128035678238,25,12,13,3.1666666666666665,1.0,2.1666666666666665,5,1,4,2,1,1,1.3437096247164249,0.0,1.3437096247164249,19,6,13,3.1666666666666665,1.0,2.1666666666666665,5,1,4,2,1,1,1.3437096247164249,0.0,1.3437096247164249,0,0,6,6,6,12,4,0,2.0,1.2909944487358056,12,4,0,2.0,1.2909944487358056,6,1,1,1,1,1,1,0.0,0.0,0.0,0.0,0.8450980400142568,0.8450980400142568,0.8450980400142568,0.8450980400142568,6,1,1.0,1,1,1,1,0.0,0.0,0.0,0.0,0,0,0.0,0.0,75,1,0,23,18,0,0,1,0,1,0,0,5,0,1,1,1,0,0,0,6,1,1,1.0,0.0,0,0,0,0.0,0.0,0,0,0,0.0,0.0,5,0,4,1
java_cup.runtime.virtual_parse_stack,576,125,324,12,29.75,81.0,489,94,287,3,2,0,200.6707502353046,37.298625980054545,119.21619017566364,442,124,328,29.5,29.5,82.0,377,93,294,2,2,0,155.1273670246485,36.86800781165155,122.62748468430722,1,1,52,19,48,4,4,121,13,3,0,0,0,0,42.75730931665368,42.75730931665368,44.05110668303352,22.219079638904937,4,0,1.25,1.6393596310755,1,0,15,37,5,1,1,552,92,76,26,41,14,4,5,4,20,22,3,5,0,6,6,0,47,11,23,7,1.1666666666666667,3.8333333333333335,10,2,7,4,1,1,2.309401076758503,0.3726779962499649,2.266911751455907,1.6334684555795866,0.9030899869919435,1.380211241711606,34,5,19,6.8,1.0,3.8,10,1,7,4,1,1,2.4819347291981715,0.0,2.4819347291981715,1.462397997898956,0.9030899869919435,1.3424226808222062,32,11,21,4.666666666666667,1.1666666666666667,3.5,7,2,6,2,1,1,2.1343747458109497,0.3726779962499649,1.9790570145063195,21,5,16,4.2,1.0,3.2,7,1,6,2,1,1,2.039607805437114,0.0,2.039607805437114,0,0,6,3,5,2,1,0,0.3333333333333333,0.4714045207910317,2,1,0,0.4,0.48989794855663565,11,3,2,1,1,1,1,0.6871842709362768,0.6871842709362768,0.6871842709362768,0.0,1.0791812460476249,1.0791812460476249,1.0791812460476249,0.8450980400142568,9,3,1.8,1,1,1,1,0.7483314773547883,0.7483314773547883,0.7483314773547883,0.0,1,0,0.6666666666666666,0.4714045207910317,44,4,0,16,19,1,0,2,0,0,0,1,5,1,1,0,1,0,0,0,12,1,4,2.0,1.0,1,0,1,0.16666666666666666,0.37267799624996495,1,0,1,0.16666666666666666,0.372677996249965,1,1,1,1
JavaParser,719,242,355,5,9.48,14.16,122,21,71,3,2,0,21.95289502548582,4.1387920943193075,13.35868256977461,555,244,338,9.56,9.56,13.52,101,28,76,2,2,0,18.648324321504063,4.988627065636396,14.546807209831305,6,9,109,50,107,25,25,174,21,2,0,0,0,0,6.2768144786985705,6.249991999994879,6.966663476873273,2.6241951146970757,3,0,0.8,0.692820323027551,1,1,0,113,8,1,1,205,58,40,22,14,10,3,5,4,9,11,2,1,0,2,4,0,17,4,10,15,3.0,10.0,15,3,10,15,3,10,0.0,0.0,0.0,1.2041199826559248,0.6020599913279624,1.041392685158225,15,3,10,15.0,3.0,10.0,15,3,10,15,3,10,0.0,0.0,0.0,1.1139433523068367,0.6989700043360189,1.041392685158225,13,5,10,12.0,4.0,10.0,12,4,10,12,4,10,0.0,0.0,0.0,12,4,10,12.0,4.0,10.0,12,4,10,12,4,10,0.0,0.0,0.0,1,0,0,0,1,1,1,1,1.0,0.0,1,1,1,1.0,0.0,3,3,3,3,3,3,1,0.0,0.0,0.0,0.0,0.6020599913279624,0.6020599913279624,0.6020599913279624,0.3010299956639812,3,3,3.0,3,3,3,1,0.0,0.0,0.0,0.0,2,2,2.0,0.0,0,5,0,5,4,2,0,0,0,0,0,0,1,0,1,0,1,0,0,0,3,3,3,3.0,0.0,0,0,0,0.0,0.0,1,1,1,1.0,0.0,0,0,0,1
JavaSymbol,719,242,355,5,9.48,14.16,122,21,71,3,2,0,21.95289502548582,4.1387920943193075,13.35868256977461,555,244,338,9.56,9.56,13.52,101,28,76,2,2,0,18.648324321504063,4.988627065636396,14.546807209831305,6,9,109,50,107,25,25,174,21,2,0,0,0,0,6.2768144786985705,6.249991999994879,6.966663476873273,2.6241951146970757,3,0,0.8,0.692820323027551,1,1,0,113,8,1,1,286,41,47,15,35,9,2,7,2,10,4,3,0,0,0,0,1,24,9,8,3,1.0,1.3333333333333333,5,1,3,3,1,1,0.7453559924999298,0.0,0.74535599249993,1.3222192947339193,0.8450980400142568,0.9542425094393249,14,4,6,3.5,1.0,1.5,5,1,3,3,1,1,0.8660254037844386,0.0,0.8660254037844386,1.1760912590556813,0.8450980400142568,0.9542425094393249,17,9,8,2.3333333333333335,1.0,1.3333333333333333,4,1,3,2,1,1,0.7453559924999298,0.0,0.74535599249993,10,4,6,2.5,1.0,1.5,4,1,3,2,1,1,0.8660254037844386,0.0,0.8660254037844386,0,0,6,2,4,13,6,0,2.1666666666666665,2.3392781412697,13,6,0,3.25,2.165063509461097,6,1,1,1,1,1,1,0.0,0.0,0.0,0.0,0.8450980400142568,0.8450980400142568,0.8450980400142568,0.8450980400142568,4,1,1.0,1,1,1,1,0.0,0.0,0.0,0.0,0,0,0.0,0.0,50,1,0,19,11,0,0,0,0,0,0,0,6,2,2,0,1,6,1,0,6,1,1,1.0,0.0,0,0,0,0.0,0.0,0,0,0,0.0,0.0,3,1,0,1
JFlex.Action,4763,1066,3485,13,31.46875,108.90625,1246,142,1016,5,2,1,239.8370459160761,37.165158730153436,195.64226910598205,3855,1066,2960,31.46875,31.46875,92.5,1148,150,1026,3,2,0,221.27369223430065,40.08037578962428,192.90881913484412,38,41,265,154,267,32,32,1042,45,3,0,0,0,0,48.872881987355726,47.482192385672334,53.0064486053348,14.770344814441536,8,0,2.03125,1.8283253095387593,3,77,0,223,36,1,0,375,65,58,18,38,11,3,13,6,14,15,7,3,0,0,0,0,30,10,13,4,1.0,2.1666666666666665,7,1,5,3,1,1,1.343709624716425,0.0,1.3437096247164249,1.414973347970818,0.8450980400142568,1.146128035678238,18,5,8,3.6,1.0,1.6,4,1,2,3,1,1,0.4898979485566356,0.0,0.4898979485566356,1.3222192947339193,0.8450980400142568,1.1760912590556813,24,10,14,3.3333333333333335,1.0,2.3333333333333335,6,1,5,2,1,1,1.3743685418725535,0.0,1.3743685418725535,14,5,9,2.8,1.0,1.8,4,1,3,2,1,1,0.7483314773547882,0.0,0.7483314773547883,0,0,6,3,5,7,3,0,1.1666666666666667,1.0671873729054748,6,3,0,1.2,1.1661903789690602,9,3,2,1,1,1,1,0.7637626158259734,0.7637626158259734,0.74535599249993,0.74535599249993,1.0,1.041392685158225,1.0,0.9542425094393249,6,2,1.2,1,1,1,1,0.4,0.4,0.4898979485566356,0.0,1,0,0.3333333333333333,0.4714045207910317,50,2,0,21,14,0,0,0,0,0,0,0,6,1,1,0,1,0,0,0,9,1,3,1.5,0.7637626158259734,0,0,0,0.0,0.0,3,0,2,0.5,0.7637626158259734,2,1,5,1
JFlex.anttask.JFlexTask,149,42,72,8,18.0,36.0,112,28,64,31,8,8,40.5,10.0,28.0,98,42,65,18.0,18.0,32.5,76,28,57,16,8,8,30.0,10.0,24.5,0,0,16,8,3,2,2,33,15,2,8,8,8,7,8.5,8.5,9.0,3.0,5,1,3.0,2.0,0,0,1,15,13,0,0,1258,141,196,68,102,22,28,26,9,52,52,1,14,2,9,9,0,112,28,64,11,2.111111111111111,6.444444444444445,65,11,45,3,1,1,19.113694915775266,3.1426968052735447,13.720310258162785,2.012837224705172,1.3010299956639813,1.7708520116421442,76,12,51,38.0,6.0,25.5,65,11,45,11,1,6,27.0,5.0,19.5,1.8325089127062364,1.3010299956639813,1.7558748556724915,76,28,57,7.444444444444445,2.111111111111111,6.222222222222222,47,11,44,2,1,1,14.040505776827835,3.1426968052735447,13.414567353588062,53,12,49,26.5,6.0,24.5,47,11,44,6,1,5,20.5,5.0,19.5,0,0,9,8,2,8,1,0,0.8888888888888888,0.3142696805273545,1,1,0,0.5,0.5,25,15,3,1,1,1,1,4.365973934308555,4.365973934308555,4.677236706633153,1.2570787221094177,1.414973347970818,1.4313637641589874,1.414973347970818,1.146128035678238,18,15,9.0,3,3,3,1,6.0,6.0,6.5,2.0,5,0,0.7777777777777778,1.617802197617893,79,10,0,22,27,3,0,4,0,0,0,1,8,7,2,0,1,0,0,0,893,1,883,99.22222222222223,277.1079924978218,3,0,3,0.3333333333333333,0.9428090415820634,7,0,6,0.7777777777777778,1.8724777273725242,0,1,0,1
JFlex.anttask.JFlexWrapper,149,42,72,8,18.0,36.0,112,28,64,31,8,8,40.5,10.0,28.0,98,42,65,18.0,18.0,32.5,76,28,57,16,8,8,30.0,10.0,24.5,0,0,16,8,3,2,2,33,15,2,8,8,8,7,8.5,8.5,9.0,3.0,5,1,3.0,2.0,0,0,1,15,13,0,0,285,53,54,28,24,9,4,1,1,7,18,0,1,0,1,0,0,31,8,8,4,1.0,1.1428571428571428,5,1,2,4,1,1,0.3499271061118826,0.0,0.3499271061118826,1.4771212547196624,0.9030899869919435,0.9542425094393249,4,1,1,4.0,1.0,1.0,4,1,1,4,1,1,0.0,0.0,0.0,1.2041199826559248,0.9030899869919435,0.9542425094393249,16,8,8,2.142857142857143,1.0,1.1428571428571428,3,1,2,2,1,1,0.3499271061118826,0.0,0.3499271061118826,2,1,1,2.0,1.0,1.0,2,1,1,2,1,1,0.0,0.0,0.0,0,0,7,0,1,7,1,1,1.0,0.0,1,1,1,1.0,0.0,8,2,1,1,1,1,1,0.3499271061118826,0.3499271061118826,0.3499271061118826,0.0,0.9542425094393249,0.9542425094393249,0.9542425094393249,0.9030899869919435,1,1,1.0,1,1,1,1,0.0,0.0,0.0,0.0,1,0,0.14285714285714285,0.3499271061118826,0,6,0,14,7,0,0,0,0,0,0,0,7,6,1,0,1,0,0,0,8,1,2,1.1428571428571428,0.3499271061118826,0,0,0,0.0,0.0,0,0,0,0.0,0.0,0,4,1,1
JFlex.CharClasses,4763,1066,3485,13,31.46875,108.90625,1246,142,1016,5,2,1,239.8370459160761,37.165158730153436,195.64226910598205,3855,1066,2960,31.46875,31.46875,92.5,1148,150,1026,3,2,0,221.27369223430065,40.08037578962428,192.90881913484412,38,41,265,154,267,32,32,1042,45,3,0,0,0,0,48.872881987355726,47.482192385672334,53.0064486053348,14.770344814441536,8,0,2.03125,1.8283253095387593,3,77,0,223,36,1,0,2051,169,353,69,140,21,38,54,11,95,68,15,29,1,2,15,0,159,43,100,9,2.111111111111111,5.444444444444445,34,8,25,3,1,1,9.172725270544674,1.9688939051854837,7.135375270223255,2.187520720836463,1.591064607026499,1.99563519459755,83,16,53,8.3,1.6,5.3,34,4,25,3,1,1,9.529428104561156,1.0198039027185568,7.376313442364011,2.143014800254095,1.662757831681574,2.0293837776852097,143,50,106,7.666666666666667,2.5,5.888888888888889,29,8,27,2,1,1,8.48528137423857,2.29128784747792,7.534283781406526,78,22,62,7.8,2.2,6.2,29,6,27,2,1,1,8.818163074019441,1.7776388834631178,8.219489035213806,0,2,18,2,10,13,2,0,0.7222222222222222,0.558326423395605,7,1,0,0.7,0.45825756949558405,47,9,3,1,1,1,1,2.5633937766798507,2.5633937766798507,2.5561593489616317,1.2082535094961968,1.6812412373755872,1.6989700043360187,1.6812412373755872,1.414973347970818,26,9,2.6,1,1,1,1,2.5768197453450257,2.5768197453450257,2.5709920264364885,1.5,4,0,1.0,1.3333333333333333,67,8,0,53,71,5,0,1,0,0,2,0,16,8,1,0,1,0,0,0,79,1,22,4.388888888888889,6.550139005216174,4,0,1,0.2222222222222222,0.41573970964154905,13,0,10,0.7222222222222222,2.304718723632394,1,4,2,1
JFlex.CharClassException,4763,1066,3485,13,31.46875,108.90625,1246,142,1016,5,2,1,239.8370459160761,37.165158730153436,195.64226910598205,3855,1066,2960,31.46875,31.46875,92.5,1148,150,1026,3,2,0,221.27369223430065,40.08037578962428,192.90881913484412,38,41,265,154,267,32,32,1042,45,3,0,0,0,0,48.872881987355726,47.482192385672334,53.0064486053348,14.770344814441536,8,0,2.03125,1.8283253095387593,3,77,0,223,36,1,0,71,23,8,5,7,5,0,0,0,1,0,0,0,0,0,0,1,7,3,1,3,1.0,0.5,3,1,1,2,1,0,0.5,0.0,0.5,0.7781512503836436,0.47712125471966244,0.3010299956639812,5,2,1,2.5,1.0,0.5,3,1,1,2,1,0,0.5,0.0,0.5,0.6020599913279624,0.47712125471966244,0.3010299956639812,4,3,1,1.5,1.0,0.5,2,1,1,1,1,0,0.5,0.0,0.5,3,2,1,1.5,1.0,0.5,2,1,1,1,1,0,0.5,0.0,0.5,0,0,2,0,2,1,1,0,0.5,0.5,1,1,0,0.5,0.5,2,1,1,1,1,1,1,0.0,0.0,0.0,0.0,0.47712125471966244,0.47712125471966244,0.47712125471966244,0.47712125471966244,2,1,1.0,1,1,1,1,0.0,0.0,0.0,0.0,0,0,0.0,0.0,0,1,0,1,2,0,0,0,0,0,0,0,2,0,2,0,1,0,0,0,2,1,1,1.0,0.0,0,0,0,0.0,0.0,0,0,0,0.0,0.0,2,0,0,1
JFlex.CharClassIntervall,4763,1066,3485,13,31.46875,108.90625,1246,142,1016,5,2,1,239.8370459160761,37.165158730153436,195.64226910598205,3855,1066,2960,31.46875,31.46875,92.5,1148,150,1026,3,2,0,221.27369223430065,40.08037578962428,192.90881913484412,38,41,265,154,267,32,32,1042,45,3,0,0,0,0,48.872881987355726,47.482192385672334,53.0064486053348,14.770344814441536,8,0,2.03125,1.8283253095387593,3,77,0,223,36,1,0,148,37,20,7,15,6,3,6,1,7,3,1,0,0,0,0,0,13,6,4,4,1.0,2.0,5,1,3,3,1,1,1.0,0.0,1.0,0.9542425094393249,0.47712125471966244,0.6989700043360189,8,2,4,4.0,1.0,2.0,5,1,3,3,1,1,1.0,0.0,1.0,0.8450980400142568,0.47712125471966244,0.6989700043360189,10,6,4,3.0,1.0,2.0,4,1,3,2,1,1,1.0,0.0,1.0,6,2,4,3.0,1.0,2.0,4,1,3,2,1,1,1.0,0.0,1.0,0,0,2,3,2,3,3,0,1.5,1.5,3,3,0,1.5,1.5,2,1,1,1,1,1,1,0.0,0.0,0.0,0.0,0.47712125471966244,0.47712125471966244,0.47712125471966244,0.47712125471966244,2,1,1.0,1,1,1,1,0.0,0.0,0.0,0.0,0,0,0.0,0.0,0,1,0,7,5,0,0,0,0,0,0,0,2,0,1,0,1,0,0,0,2,1,1,1.0,0.0,0,0,0,0.0,0.0,0,0,0,0.0,0.0,1,0,2,1
JFlex.CharSet,4763,1066,3485,13,31.46875,108.90625,1246,142,1016,5,2,1,239.8370459160761,37.165158730153436,195.64226910598205,3855,1066,2960,31.46875,31.46875,92.5,1148,150,1026,3,2,0,221.27369223430065,40.08037578962428,192.90881913484412,38,41,265,154,267,32,32,1042,45,3,0,0,0,0,48.872881987355726,47.482192385672334,53.0064486053348,14.770344814441536,8,0,2.03125,1.8283253095387593,3,77,0,223,36,1,0,705,93,103,34,63,16,11,27,13,29,14,8,5,0,0,5,0,52,23,25,4,1.4545454545454546,2.090909090909091,8,4,5,0,0,0,2.088931871468374,1.0756508696544755,1.6211413181933643,1.6532125137753437,1.2304489213782739,1.380211241711606,44,16,23,4.0,1.4545454545454546,2.090909090909091,8,4,5,0,0,0,2.088931871468374,1.0756508696544755,1.6211413181933643,1.5314789170422551,1.2041199826559248,1.3424226808222062,38,20,21,3.0,1.3636363636363635,1.9090909090909092,7,3,6,0,0,0,1.8586407545691703,0.8813963377120598,1.6762808104168887,33,15,21,3.0,1.3636363636363635,1.9090909090909092,7,3,6,0,0,0,1.8586407545691703,0.8813963377120598,1.6762808104168887,0,2,11,2,11,6,2,0,0.5454545454545454,0.6555547773570889,6,2,0,0.5454545454545454,0.6555547773570889,14,2,1,1,1,1,1,0.4453617714151233,0.4453617714151233,0.4453617714151233,0.0,1.1760912590556813,1.1760912590556813,1.1760912590556813,1.0791812460476249,14,2,1.2727272727272727,1,1,1,1,0.4453617714151233,0.4453617714151233,0.4453617714151233,0.0,1,0,0.2727272727272727,0.4453617714151233,64,3,0,28,20,2,0,1,0,1,2,0,8,0,1,0,1,0,0,0,14,1,2,1.2727272727272727,0.4453617714151233,0,0,0,0.0,0.0,2,0,1,0.18181818181818182,0.38569460791993493,3,1,2,1
JFlex.CharSetEnumerator,4763,1066,3485,13,31.46875,108.90625,1246,142,1016,5,2,1,239.8370459160761,37.165158730153436,195.64226910598205,3855,1066,2960,31.46875,31.46875,92.5,1148,150,1026,3,2,0,221.27369223430065,40.08037578962428,192.90881913484412,38,41,265,154,267,32,32,1042,45,3,0,0,0,0,48.872881987355726,47.482192385672334,53.0064486053348,14.770344814441536,8,0,2.03125,1.8283253095387593,3,77,0,223,36,1,0,511,60,83,17,34,13,6,32,11,24,20,4,8,0,0,0,0,43,11,27,9,1.25,6.25,18,2,14,3,1,1,5.787918451395113,0.4330127018922193,4.968651728587948,1.568201724066995,0.7781512503836436,1.414973347970818,36,5,25,9.0,1.25,6.25,18,2,14,3,1,1,5.787918451395113,0.4330127018922193,4.968651728587948,1.4771212547196624,0.7781512503836436,1.3979400086720377,35,11,24,7.25,1.25,6.0,14,2,13,2,1,1,4.656984002549289,0.4330127018922193,4.847679857416329,29,5,24,7.25,1.25,6.0,14,2,13,2,1,1,4.656984002549289,0.4330127018922193,4.847679857416329,0,0,4,5,4,1,1,0,0.25,0.4330127018922193,1,1,0,0.25,0.4330127018922193,12,6,3,1,1,1,1,2.1213203435596424,2.1213203435596424,3.418698582794336,0.8660254037844386,1.1139433523068367,1.255272505103306,1.1139433523068367,0.8450980400142568,12,6,3.0,1,1,1,1,2.1213203435596424,2.1213203435596424,3.418698582794336,0.8660254037844386,2,0,0.75,0.82915619758885,40,1,0,26,11,0,0,1,0,0,1,0,3,0,1,0,1,0,0,0,12,1,6,3.0,2.1213203435596424,2,0,1,0.5,0.5,3,0,2,0.75,0.82915619758885,1,1,2,1
JFlex.DFA,4763,1066,3485,13,31.46875,108.90625,1246,142,1016,5,2,1,239.8370459160761,37.165158730153436,195.64226910598205,3855,1066,2960,31.46875,31.46875,92.5,1148,150,1026,3,2,0,221.27369223430065,40.08037578962428,192.90881913484412,38,41,265,154,267,32,32,1042,45,3,0,0,0,0,48.872881987355726,47.482192385672334,53.0064486053348,14.770344814441536,8,0,2.03125,1.8283253095387593,3,77,0,223,36,1,0,7702,454,1347,167,380,23,265,339,19,398,79,11,103,0,4,38,0,535,123,398,29,6.166666666666667,21.944444444444443,262,54,213,3,1,1,58.38473925417307,11.91754076048317,47.515462070808795,2.718501688867274,2.0492180226701815,2.597695185925512,506,107,388,36.142857142857146,7.642857142857143,27.714285714285715,262,54,213,6,2,3,64.43807342031921,13.145380192606195,52.46417631030117,2.7067177823367587,2.1367205671564067,2.5809249756756194,520,148,381,28.22222222222222,7.555555555555555,21.11111111111111,251,67,184,2,1,1,55.75597183317432,14.66372024276325,41.07566039083498,497,132,373,35.5,9.428571428571429,26.642857142857142,251,67,184,6,2,5,61.303402375864444,16.14538538988014,45.06757964095562,0,2,18,9,14,28,4,0,1.5555555555555556,1.11665284679121,20,4,0,1.4285714285714286,1.2371791482634837,122,45,7,1,1,1,1,10.222826069121306,10.222826069121306,12.706079035030612,0.0,2.089905111439398,2.161368002234975,2.089905111439398,1.2787536009528289,117,45,8.357142857142858,2,2,2,1,11.094446119292188,11.094446119292188,13.812335510148092,0.0,8,0,2.3333333333333335,1.9720265943665385,67,16,0,100,70,11,0,7,0,0,1,0,17,4,1,0,2,0,0,0,1000000795,1,999999999,55555599.722222224,229061412.69094974,20,0,9,1.1111111111111112,2.078698548207745,13,0,7,0.7222222222222222,1.6933056282364634,1,7,3,1
JFlex.Emitter,4763,1066,3485,13,31.46875,108.90625,1246,142,1016,5,2,1,239.8370459160761,37.165158730153436,195.64226910598205,3855,1066,2960,31.46875,31.46875,92.5,1148,150,1026,3,2,0,221.27369223430065,40.08037578962428,192.90881913484412,38,41,265,154,267,32,32,1042,45,3,0,0,0,0,48.872881987355726,47.482192385672334,53.0064486053348,14.770344814441536,8,0,2.03125,1.8283253095387593,3,77,0,223,36,1,0,12632,736,2015,234,556,28,146,375,20,912,353,604,185,8,5,26,0,1246,142,1016,25,2.36734693877551,20.612244897959183,148,10,135,3,1,1,26.59494554791148,2.0373439847719745,24.6293472918317,3.0863598306747484,2.0681858617461617,3.004751155591001,1204,114,998,25.083333333333332,2.375,20.791666666666668,148,10,135,3,1,1,26.831909900133628,2.057759704144291,24.852865640717482,3.050379756261458,2.0969100130080562,3.0111473607757975,1148,150,1026,22.897959183673468,2.5306122448979593,20.918367346938776,132,10,131,2,1,1,24.154473028067496,2.129501626244177,24.024508518996637,1106,121,1012,23.041666666666668,2.5208333333333335,21.083333333333332,132,10,131,2,1,1,24.384043906256036,2.150480404984482,24.245990504732024,2,7,47,18,48,23,3,0,0.46938775510204084,0.785117716802912,22,3,0,0.4583333333333333,0.789470638395684,240,21,5,1,1,1,1,3.8821669625177946,3.838471165880407,4.157759464555144,0.8458931337168452,2.3820170425748683,2.41161970596323,2.3729120029701067,1.792391689498254,233,21,4.854166666666667,1,1,1,1,3.9104005726893103,3.8649062084350767,4.181587866269623,0.8154327412825387,6,0,1.6938775510204083,1.3880551896434246,90,29,0,365,224,11,0,15,1,0,45,0,4,1,1,0,1,0,0,0,264903,1,263168,5406.183673469388,37204.83703722225,45,0,5,0.9183673469387755,1.0068486843709397,72,0,21,1.469387755102041,3.1886408134816757,1,12,1,1
JFlex.EOFActions,4763,1066,3485,13,31.46875,108.90625,1246,142,1016,5,2,1,239.8370459160761,37.165158730153436,195.64226910598205,3855,1066,2960,31.46875,31.46875,92.5,1148,150,1026,3,2,0,221.27369223430065,40.08037578962428,192.90881913484412,38,41,265,154,267,32,32,1042,45,3,0,0,0,0,48.872881987355726,47.482192385672334,53.0064486053348,14.770344814441536,8,0,2.03125,1.8283253095387593,3,77,0,223,36,1,0,594,80,112,35,48,17,9,10,7,22,21,6,8,0,0,3,0,49,16,26,6,1.7142857142857142,3.5714285714285716,17,4,11,3,1,1,4.80221037542046,1.0301575072754254,3.499271061118826,1.6532125137753437,1.1139433523068367,1.414973347970818,35,9,22,8.75,2.25,5.5,17,4,11,3,1,1,5.11737237261468,1.0897247358851685,3.570714214271425,1.5440680443502757,1.146128035678238,1.4313637641589874,38,17,27,4.857142857142857,1.8571428571428572,3.7142857142857144,13,5,11,2,1,1,3.9434782119549308,1.355261854357877,3.653346243584121,28,10,23,7.0,2.5,5.75,13,5,11,2,1,1,4.06201920231798,1.5,3.6996621467371855,0,0,7,3,4,7,2,0,1.0,0.7559289460184544,5,2,0,1.25,0.82915619758885,15,5,2,1,1,1,1,1.5518257844571737,1.5518257844571737,1.8294640678379568,1.0497813183356477,1.2041199826559248,1.2304489213782739,1.2041199826559248,1.041392685158225,12,5,3.0,1,1,1,1,1.5811388300841898,1.5811388300841898,1.920286436967152,1.299038105676658,3,0,0.8571428571428571,1.1248582677159729,52,5,0,21,22,3,0,2,0,0,0,0,7,3,1,0,1,0,0,0,15,1,5,2.142857142857143,1.5518257844571737,2,0,1,0.2857142857142857,0.45175395145262565,6,0,4,0.8571428571428571,1.3552618543578767,0,1,2,1
JFlex.ErrorMessages,4763,1066,3485,13,31.46875,108.90625,1246,142,1016,5,2,1,239.8370459160761,37.165158730153436,195.64226910598205,3855,1066,2960,31.46875,31.46875,92.5,1148,150,1026,3,2,0,221.27369223430065,40.08037578962428,192.90881913484412,38,41,265,154,267,32,32,1042,45,3,0,0,0,0,48.872881987355726,47.482192385672334,53.0064486053348,14.770344814441536,8,0,2.03125,1.8283253095387593,3,77,0,223,36,1,0,724,174,56,54,51,4,49,4,1,49,2,0,0,0,0,0,0,100,98,96,0,0.0,0.0,0,0,0,0,0,0,0.0,0.0,0.0,0.0,0.0,0.0,0,0,0,0.0,0.0,0.0,0,0,0,0,0,0,0.0,0.0,0.0,0.0,0.0,0.0,50,50,0,0.0,0.0,0.0,0,0,0,0,0,0,0.0,0.0,0.0,0,0,0,0.0,0.0,0.0,0,0,0,0,0,0,0.0,0.0,0.0,0,0,0,49,0,0,0,0,0.0,0.0,0,0,0,0.0,0.0,0,0,0,0,0,0,0,0.0,0.0,0.0,0.0,0.0,0.0,0.0,0.0,0,0,0.0,0,0,0,0,0.0,0.0,0.0,0.0,0,0,0.0,0.0,0,1,0,0,0,0,0,1,0,0,0,0,0,0,0,4,0,0,0,0,0,0,0,0.0,0.0,0,0,0,0.0,0.0,0,0,0,0.0,0.0,0,1,8,0
JFlex.GeneratorException,4763,1066,3485,13,31.46875,108.90625,1246,142,1016,5,2,1,239.8370459160761,37.165158730153436,195.64226910598205,3855,1066,2960,31.46875,31.46875,92.5,1148,150,1026,3,2,0,221.27369223430065,40.08037578962428,192.90881913484412,38,41,265,154,267,32,32,1042,45,3,0,0,0,0,48.872881987355726,47.482192385672334,53.0064486053348,14.770344814441536,8,0,2.03125,1.8283253095387593,3,77,0,223,36,1,0,47,20,4,3,6,5,0,0,0,1,0,0,0,0,0,0,1,5,2,1,3,1.0,1.0,3,1,1,3,1,1,0.0,0.0,0.0,0.6020599913279624,0.3010299956639812,0.3010299956639812,3,1,1,3.0,1.0,1.0,3,1,1,3,1,1,0.0,0.0,0.0,0.47712125471966244,0.3010299956639812,0.3010299956639812,3,2,1,2.0,1.0,1.0,2,1,1,2,1,1,0.0,0.0,0.0,2,1,1,2.0,1.0,1.0,2,1,1,2,1,1,0.0,0.0,0.0,0,0,1,0,1,0,0,0,0.0,0.0,0,0,0,0.0,0.0,1,1,1,1,1,1,1,0.0,0.0,0.0,0.0,0.3010299956639812,0.3010299956639812,0.3010299956639812,0.3010299956639812,1,1,1.0,1,1,1,1,0.0,0.0,0.0,0.0,0,0,0.0,0.0,0,0,0,10,1,0,0,0,0,0,0,0,1,0,2,0,1,0,0,0,1,1,1,1.0,0.0,0,0,0,0.0,0.0,0,0,0,0.0,0.0,1,0,8,1
JFlex.gui.GeneratorThread,339,100,226,10,16.8,45.2,165,29,120,13,5,6,60.15180795287869,9.987992791347018,44.53043902770328,273,110,176,18.8,18.8,35.2,130,39,97,10,4,0,47.48726144978251,13.526270735128733,37.46678529044092,0,0,32,41,18,15,5,50,11,2,0,0,0,0,8.318653737234168,6.590902821313633,8.318653737234168,4.223742416388575,2,0,0.8,0.7483314773547883,0,7,0,25,4,1,0,265,56,59,27,19,12,4,1,1,16,17,0,0,0,2,1,0,27,8,14,11,1.5,7.0,14,2,10,7,1,4,3.5,0.5,3.0,1.3424226808222062,0.6020599913279624,1.1760912590556813,21,3,14,10.5,1.5,7.0,14,2,10,7,1,4,3.5,0.5,3.0,1.2041199826559248,0.47712125471966244,1.146128035678238,20,7,13,7.5,1.0,6.5,10,1,9,5,1,4,2.5,0.0,2.5,15,2,13,7.5,1.0,6.5,10,1,9,5,1,4,2.5,0.0,2.5,0,0,2,4,2,4,4,0,2.0,2.0,4,4,0,2.0,2.0,3,2,2,1,1,1,1,0.5,0.5,0.5,0.0,0.6020599913279624,0.6020599913279624,0.6020599913279624,0.47712125471966244,3,2,1.5,1,1,1,1,0.5,0.5,0.5,0.0,1,0,0.5,0.5,0,7,0,10,11,0,0,2,0,0,0,0,2,0,2,0,1,0,0,0,3,1,2,1.5,0.5,0,0,0,0.0,0.0,1,0,1,0.5,0.5,1,3,1,1
JFlex.gui.GridPanel,339,100,226,10,16.8,45.2,165,29,120,13,5,6,60.15180795287869,9.987992791347018,44.53043902770328,273,110,176,18.8,18.8,35.2,130,39,97,10,4,0,47.48726144978251,13.526270735128733,37.46678529044092,0,0,32,41,18,15,5,50,11,2,0,0,0,0,8.318653737234168,6.590902821313633,8.318653737234168,4.223742416388575,2,0,0.8,0.7483314773547883,0,7,0,25,4,1,0,1292,108,282,57,101,20,26,73,11,69,50,1,4,8,0,5,1,103,28,73,11,2.3333333333333335,7.888888888888889,53,9,46,3,1,1,15.607057599483007,2.6666666666666665,14.051053297366433,1.9822712330395684,1.3424226808222062,1.8573324964312685,75,15,56,10.714285714285714,2.142857142857143,8.0,53,9,46,3,1,1,17.293386727006247,2.7994168488950613,15.547163269043189,1.8864907251724818,1.380211241711606,1.7708520116421442,83,30,60,8.444444444444445,2.5555555555555554,6.444444444444445,41,10,34,2,1,1,12.39274977208772,3.0590888662080453,10.41485169373377,57,16,44,8.142857142857142,2.2857142857142856,6.285714285714286,41,10,34,2,1,1,13.45286556227835,3.1493439550069433,11.360511629754882,0,0,9,6,7,25,6,0,2.7777777777777777,2.042752923427804,24,6,0,3.4285714285714284,1.8405855323893037,20,11,2,1,1,1,1,3.1190375216929334,0.9558139185602919,3.1190375216929334,0.0,1.3222192947339193,1.3222192947339193,1.146128035678238,1.0,17,11,2.4285714285714284,1,1,1,1,3.499271061118826,1.0497813183356477,3.499271061118826,0.0,2,0,0.3333333333333333,0.6666666666666666,67,6,0,80,24,2,0,2,0,0,0,0,9,2,2,0,2,0,0,0,28,1,19,3.111111111111111,5.62621728940985,1,0,1,0.1111111111111111,0.31426968052735443,29,0,29,3.2222222222222223,9.11382073529328,2,2,1,1
JFlex.gui.GridPanelConstraint,339,100,226,10,16.8,45.2,165,29,120,13,5,6,60.15180795287869,9.987992791347018,44.53043902770328,273,110,176,18.8,18.8,35.2,130,39,97,10,4,0,47.48726144978251,13.526270735128733,37.46678529044092,0,0,32,41,18,15,5,50,11,2,0,0,0,0,8.318653737234168,6.590902821313633,8.318653737234168,4.223742416388575,2,0,0.8,0.7483314773547883,0,7,0,25,4,1,0,160,35,33,12,17,6,6,0,0,8,9,0,0,0,0,0,0,13,5,6,9,2.0,6.0,9,2,6,9,2,6,0.0,0.0,0.0,1.0,0.47712125471966244,0.8450980400142568,9,2,6,9.0,2.0,6.0,9,2,6,9,2,6,0.0,0.0,0.0,0.9030899869919435,0.3010299956639812,0.8450980400142568,10,4,6,7.0,1.0,6.0,7,1,6,7,1,6,0.0,0.0,0.0,7,1,6,7.0,1.0,6.0,7,1,6,7,1,6,0.0,0.0,0.0,0,0,1,6,1,6,6,6,6.0,0.0,6,6,6,6.0,0.0,1,1,1,1,1,1,1,0.0,0.0,0.0,0.0,0.3010299956639812,0.3010299956639812,0.3010299956639812,0.3010299956639812,1,1,1.0,1,1,1,1,0.0,0.0,0.0,0.0,0,0,0.0,0.0,0,1,0,7,7,0,0,1,0,0,0,0,1,0,1,0,1,0,0,0,1,1,1,1.0,0.0,0,0,0,0.0,0.0,0,0,0,0.0,0.0,1,0,1,1
JFlex.gui.Handles,339,100,226,10,16.8,45.2,165,29,120,13,5,6,60.15180795287869,9.987992791347018,44.53043902770328,273,110,176,18.8,18.8,35.2,130,39,97,10,4,0,47.48726144978251,13.526270735128733,37.46678529044092,0,0,32,41,18,15,5,50,11,2,0,0,0,0,8.318653737234168,6.590902821313633,8.318653737234168,4.223742416388575,2,0,0.8,0.7483314773547883,0,7,0,25,4,1,0,161,41,19,16,16,4,13,0,0,13,1,0,0,0,0,0,0,15,14,13,0,0.0,0.0,0,0,0,0,0,0,0.0,0.0,0.0,0.0,0.0,0.0,0,0,0,0.0,0.0,0.0,0,0,0,0,0,0,0.0,0.0,0.0,0.0,0.0,0.0,14,14,0,0.0,0.0,0.0,0,0,0,0,0,0,0.0,0.0,0.0,0,0,0,0.0,0.0,0.0,0,0,0,0,0,0,0.0,0.0,0.0,0,0,0,13,0,0,0,0,0.0,0.0,0,0,0,0.0,0.0,0,0,0,0,0,0,0,0.0,0.0,0.0,0.0,0.0,0.0,0.0,0.0,0,0,0.0,0,0,0,0,0.0,0.0,0.0,0.0,0,0,0.0,0.0,0,0,0,0,0,0,0,0,0,0,0,0,0,0,0,2,0,0,0,0,0,0,0,0.0,0.0,0,0,0,0.0,0.0,0,0,0,0.0,0.0,0,0,2,0
JFlex.gui.MainFrame,339,100,226,10,16.8,45.2,165,29,120,13,5,6,60.15180795287869,9.987992791347018,44.53043902770328,273,110,176,18.8,18.8,35.2,130,39,97,10,4,0,47.48726144978251,13.526270735128733,37.46678529044092,0,0,32,41,18,15,5,50,11,2,0,0,0,0,8.318653737234168,6.590902821313633,8.318653737234168,4.223742416388575,2,0,0.8,0.7483314773547883,0,7,0,25,4,1,0,1864,159,328,90,125,19,28,18,4,103,79,2,6,0,0,31,2,165,29,120,15,1.6,11.8,81,4,70,4,1,2,22.097284901091356,0.9165151389911681,19.51307254124783,2.1818435879447726,1.2304489213782739,2.075546961392531,137,13,108,17.125,1.625,13.5,81,4,70,4,1,2,24.26642484998563,0.9921567416492215,21.459263733874934,2.0718820073061255,1.4313637641589874,1.9912260756924949,130,39,97,11.7,2.6,9.7,61,13,51,3,1,2,16.553247415537534,3.4985711369071804,13.899999999999999,105,23,87,13.125,2.875,10.875,61,13,51,3,1,2,18.20327923754399,3.8547859862773186,15.284285230261833,0,0,10,12,8,2,1,0,0.2,0.4000000000000001,1,1,0,0.125,0.33071891388307384,16,2,2,1,1,1,1,0.48989794855663565,0.48989794855663565,0.48989794855663565,0.0,1.2304489213782739,1.2304489213782739,1.2304489213782739,1.041392685158225,14,2,1.75,1,1,1,1,0.4330127018922193,0.4330127018922193,0.4330127018922193,0.0,1,0,0.5,0.5,76,16,0,54,54,5,0,9,0,0,7,0,3,2,2,0,2,0,0,0,16,1,2,1.6,0.48989794855663565,0,0,0,0.0,0.0,3,0,1,0.3,0.45825756949558394,1,5,2,1
JFlex.IntCharSet,4763,1066,3485,13,31.46875,108.90625,1246,142,1016,5,2,1,239.8370459160761,37.165158730153436,195.64226910598205,3855,1066,2960,31.46875,31.46875,92.5,1148,150,1026,3,2,0,221.27369223430065,40.08037578962428,192.90881913484412,38,41,265,154,267,32,32,1042,45,3,0,0,0,0,48.872881987355726,47.482192385672334,53.0064486053348,14.770344814441536,8,0,2.03125,1.8283253095387593,3,77,0,223,36,1,0,2580,135,479,51,178,20,44,99,16,126,129,24,43,10,0,10,0,214,51,148,10,2.35,7.35,50,8,39,3,1,1,12.658890156723851,2.031624965391005,10.446410866895866,2.322219294733919,1.6812412373755872,2.1702617153949575,205,46,145,10.789473684210526,2.4210526315789473,7.631578947368421,50,8,39,3,1,1,12.898710451124135,2.060040609555887,10.643557608222768,2.2648178230095364,1.7242758696007892,2.1760912590556813,187,56,149,9.15,2.6,7.45,40,8,37,2,1,1,10.475089498424346,2.0591260281974,9.856343135260664,179,51,146,9.421052631578947,2.6842105263157894,7.684210526315789,40,8,37,2,1,1,10.678634790891104,2.0787808061191053,10.058003524708424,0,1,20,2,19,17,2,0,0.85,0.5722761571129799,17,2,0,0.8947368421052632,0.5520046569316587,63,10,3,1,1,1,1,2.815581645060217,2.815581645060217,3.1638584039112745,2.1418449990603894,1.806179973983887,1.8260748027008264,1.806179973983887,1.662757831681574,61,10,3.210526315789474,1,1,1,1,2.8760160194345787,2.8760160194345787,3.2315960911597372,2.1777011437449683,3,0,0.9,0.9433981132056605,60,5,0,88,81,3,0,1,0,0,3,0,17,1,1,0,1,0,0,0,385,1,260,19.25,57.17680910998794,8,0,2,0.4,0.66332495807108,34,0,12,1.7,3.0838287890218545,4,2,2,1
JFlex.Intervall,4763,1066,3485,13,31.46875,108.90625,1246,142,1016,5,2,1,239.8370459160761,37.165158730153436,195.64226910598205,3855,1066,2960,31.46875,31.46875,92.5,1148,150,1026,3,2,0,221.27369223430065,40.08037578962428,192.90881913484412,38,41,265,154,267,32,32,1042,45,3,0,0,0,0,48.872881987355726,47.482192385672334,53.0064486053348,14.770344814441536,8,0,2.03125,1.8283253095387593,3,77,0,223,36,1,0,603,80,92,19,59,18,8,19,9,22,23,7,5,0,0,1,0,48,13,26,5,1.2222222222222223,2.888888888888889,16,2,13,3,1,1,4.0,0.41573970964154905,3.6951753662924203,1.662757831681574,1.0791812460476249,1.4313637641589874,39,9,24,5.571428571428571,1.2857142857142858,3.4285714285714284,16,2,13,3,1,1,4.370588154508101,0.45175395145262565,4.030495994190252,1.5563025007672873,1.0791812460476249,1.414973347970818,37,13,25,3.888888888888889,1.2222222222222223,2.7777777777777777,12,2,11,2,1,1,3.2470309324894346,0.41573970964154905,3.1544599036840864,31,9,23,4.428571428571429,1.2857142857142858,3.2857142857142856,12,2,11,2,1,1,3.499271061118826,0.45175395145262565,3.4106675389466634,1,0,8,2,7,9,2,0,1.0,0.4714045207910317,7,2,0,1.0,0.5345224838248488,14,4,2,1,1,1,1,1.0657403385139377,1.0657403385139377,1.1547005383792515,0.628539361054709,1.1760912590556813,1.2787536009528289,1.1760912590556813,1.0791812460476249,12,4,1.7142857142857142,1,1,1,1,1.1605769149479943,1.1605769149479943,1.1605769149479943,0.6998542122237652,2,0,0.3333333333333333,0.6666666666666666,22,2,0,33,16,2,0,0,0,0,1,0,8,2,1,0,1,0,0,0,16,1,6,1.7777777777777777,1.617802197617893,1,0,1,0.1111111111111111,0.31426968052735443,4,0,2,0.4444444444444444,0.8314794192830981,2,0,3,1
JFlex.IntPair,4763,1066,3485,13,31.46875,108.90625,1246,142,1016,5,2,1,239.8370459160761,37.165158730153436,195.64226910598205,3855,1066,2960,31.46875,31.46875,92.5,1148,150,1026,3,2,0,221.27369223430065,40.08037578962428,192.90881913484412,38,41,265,154,267,32,32,1042,45,3,0,0,0,0,48.872881987355726,47.482192385672334,53.0064486053348,14.770344814441536,8,0,2.03125,1.8283253095387593,3,77,0,223,36,1,0,217,45,33,11,21,11,3,9,4,9,4,4,1,0,0,0,0,21,8,8,4,1.25,2.0,7,2,4,3,1,1,1.6393596310755,0.4330127018922193,1.224744871391589,1.255272505103306,0.7781512503836436,0.9542425094393249,17,5,8,4.25,1.25,2.0,7,2,4,3,1,1,1.6393596310755,0.4330127018922193,1.224744871391589,1.1139433523068367,0.7781512503836436,0.9030899869919435,15,8,7,3.0,1.25,1.75,5,2,3,2,1,1,1.224744871391589,0.4330127018922193,0.82915619758885,12,5,7,3.0,1.25,1.75,5,2,3,2,1,1,1.224744871391589,0.4330127018922193,0.82915619758885,0,0,4,2,4,3,2,0,0.75,0.82915619758885,3,2,0,0.75,0.82915619758885,5,2,1,1,1,1,1,0.4330127018922193,0.4330127018922193,0.8660254037844386,0.0,0.7781512503836436,0.8450980400142568,0.7781512503836436,0.6989700043360189,5,2,1.25,1,1,1,1,0.4330127018922193,0.4330127018922193,0.8660254037844386,0.0,1,0,0.25,0.4330127018922193,0,1,0,16,6,1,0,0,0,1,0,0,3,0,1,0,1,0,0,0,5,1,2,1.25,0.4330127018922193,0,0,0,0.0,0.0,1,0,1,0.25,0.4330127018922193,1,0,1,1
JFlex.LexicalStates,4763,1066,3485,13,31.46875,108.90625,1246,142,1016,5,2,1,239.8370459160761,37.165158730153436,195.64226910598205,3855,1066,2960,31.46875,31.46875,92.5,1148,150,1026,3,2,0,221.27369223430065,40.08037578962428,192.90881913484412,38,41,265,154,267,32,32,1042,45,3,0,0,0,0,48.872881987355726,47.482192385672334,53.0064486053348,14.770344814441536,8,0,2.03125,1.8283253095387593,3,77,0,223,36,1,0,318,62,51,26,24,10,3,2,2,13,8,5,2,0,0,3,0,28,11,11,4,1.1666666666666667,1.8333333333333333,7,2,5,3,1,1,1.4624940645653537,0.3726779962499649,1.462494064565354,1.380211241711606,0.9030899869919435,1.0791812460476249,17,5,9,4.25,1.25,2.25,7,2,5,3,1,1,1.6393596310755,0.4330127018922193,1.6393596310755,1.2787536009528289,0.9030899869919435,1.1139433523068367,22,11,12,3.0,1.1666666666666667,2.0,7,2,6,2,1,1,1.8257418583505538,0.3726779962499649,1.8257418583505538,14,5,10,3.5,1.25,2.5,7,2,6,2,1,1,2.0615528128088303,0.4330127018922193,2.0615528128088303,0,0,6,3,4,3,2,0,0.5,0.7637626158259734,2,2,0,0.5,0.8660254037844386,8,3,1,1,1,1,1,0.74535599249993,0.74535599249993,0.74535599249993,0.0,0.9542425094393249,0.9542425094393249,0.9542425094393249,0.8450980400142568,6,3,1.5,1,1,1,1,0.8660254037844386,0.8660254037844386,0.8660254037844386,0.0,1,0,0.16666666666666666,0.372677996249965,50,5,0,10,14,1,0,2,0,0,0,0,6,2,1,0,1,0,0,0,8,1,3,1.3333333333333333,0.74535599249993,0,0,0,0.0,0.0,1,0,1,0.16666666666666666,0.372677996249965,1,0,0,1
JFlex.MacroException,4763,1066,3485,13,31.46875,108.90625,1246,142,1016,5,2,1,239.8370459160761,37.165158730153436,195.64226910598205,3855,1066,2960,31.46875,31.46875,92.5,1148,150,1026,3,2,0,221.27369223430065,40.08037578962428,192.90881913484412,38,41,265,154,267,32,32,1042,45,3,0,0,0,0,48.872881987355726,47.482192385672334,53.0064486053348,14.770344814441536,8,0,2.03125,1.8283253095387593,3,77,0,223,36,1,0,70,23,8,5,7,5,0,0,0,1,0,0,0,0,0,0,1,7,3,1,3,1.0,0.5,3,1,1,2,1,0,0.5,0.0,0.5,0.7781512503836436,0.47712125471966244,0.3010299956639812,5,2,1,2.5,1.0,0.5,3,1,1,2,1,0,0.5,0.0,0.5,0.6020599913279624,0.47712125471966244,0.3010299956639812,4,3,1,1.5,1.0,0.5,2,1,1,1,1,0,0.5,0.0,0.5,3,2,1,1.5,1.0,0.5,2,1,1,1,1,0,0.5,0.0,0.5,0,0,2,0,2,1,1,0,0.5,0.5,1,1,0,0.5,0.5,2,1,1,1,1,1,1,0.0,0.0,0.0,0.0,0.47712125471966244,0.47712125471966244,0.47712125471966244,0.47712125471966244,2,1,1.0,1,1,1,1,0.0,0.0,0.0,0.0,0,0,0.0,0.0,0,1,0,2,2,0,0,0,0,0,0,0,2,0,2,0,1,0,0,0,2,1,1,1.0,0.0,0,0,0,0.0,0.0,0,0,0,0.0,0.0,2,0,1,1
JFlex.Macros,4763,1066,3485,13,31.46875,108.90625,1246,142,1016,5,2,1,239.8370459160761,37.165158730153436,195.64226910598205,3855,1066,2960,31.46875,31.46875,92.5,1148,150,1026,3,2,0,221.27369223430065,40.08037578962428,192.90881913484412,38,41,265,154,267,32,32,1042,45,3,0,0,0,0,48.872881987355726,47.482192385672334,53.0064486053348,14.770344814441536,8,0,2.03125,1.8283253095387593,3,77,0,223,36,1,0,1006,130,205,64,65,18,15,32,6,35,48,9,8,0,5,6,0,78,21,54,9,2.25,6.75,36,5,33,3,1,1,10.43731287257405,1.713913650100261,10.133484099755622,1.8750612633917,1.2787536009528289,1.7403626894942439,71,17,53,10.142857142857142,2.4285714285714284,7.571428571428571,36,5,33,3,1,1,10.868415200920133,1.761261143705422,10.581076678366403,1.6989700043360187,1.2787536009528289,1.5797835966168101,52,21,37,6.125,2.25,4.625,19,5,15,2,1,1,5.441449714919729,1.713913650100261,4.553501400021746,47,17,36,6.714285714285714,2.4285714285714284,5.142857142857143,19,5,15,2,1,1,5.573259772323188,1.761261143705422,4.642307659791978,0,0,8,2,7,7,2,0,0.875,0.7806247497997998,6,2,0,0.8571428571428571,0.8329931278350428,29,17,4,1,1,1,1,5.12195031213697,1.118033988749895,5.12195031213697,0.0,1.4771212547196624,1.4771212547196624,1.2304489213782739,0.9542425094393249,28,17,4.0,1,1,1,1,5.3718844791323335,1.124858267715973,5.3718844791323335,0.0,2,0,0.875,0.9270248108869579,44,10,0,48,37,6,0,2,0,0,1,0,7,1,1,0,1,0,0,0,20,1,8,2.5,2.23606797749979,1,0,1,0.125,0.33071891388307384,10,0,10,1.25,3.307189138830738,1,5,3,1
JFlex.Main,4763,1066,3485,13,31.46875,108.90625,1246,142,1016,5,2,1,239.8370459160761,37.165158730153436,195.64226910598205,3855,1066,2960,31.46875,31.46875,92.5,1148,150,1026,3,2,0,221.27369223430065,40.08037578962428,192.90881913484412,38,41,265,154,267,32,32,1042,45,3,0,0,0,0,48.872881987355726,47.482192385672334,53.0064486053348,14.770344814441536,8,0,2.03125,1.8283253095387593,3,77,0,223,36,1,0,2781,243,513,102,160,22,37,67,9,147,159,29,31,12,23,22,0,236,27,185,38,3.1666666666666665,29.666666666666668,91,9,68,9,1,5,33.741254010813265,2.793842435706702,27.23151768733347,2.357934847000454,1.3010299956639813,2.2528530309798933,215,17,170,43.0,3.4,34.0,91,9,68,9,1,5,34.72751070837067,3.0066592756745814,27.878306978724517,2.2576785748691846,1.3424226808222062,2.230448921378274,188,29,169,30.0,3.5,28.166666666666668,70,9,68,5,1,4,26.425997300638123,2.8136571693556887,25.71910228258798,171,19,161,34.2,3.8,32.2,70,9,68,5,1,4,27.05845524046042,2.993325909419153,26.38484413446477,6,7,0,0,5,5,1,0,0.8333333333333334,0.37267799624996495,4,1,0,0.8,0.4,46,22,8,1,1,1,1,7.951240294584374,7.951240294584374,14.200938936093861,4.844813951249545,1.6720978579357175,1.8260748027008264,1.6720978579357175,1.3010299956639813,43,22,8.6,1,1,1,1,8.404760555780278,8.404760555780278,15.173661390712526,5.2,3,0,1.5,0.9574271077563381,83,20,0,37,64,9,0,0,0,0,0,0,6,1,1,0,2,0,0,0,491741,1,491521,81956.83333333333,183162.6792366253,9,0,6,1.5,2.140872096444188,39,0,24,6.5,9.069178573608527,0,10,6,1
JFlex.NFA,4763,1066,3485,13,31.46875,108.90625,1246,142,1016,5,2,1,239.8370459160761,37.165158730153436,195.64226910598205,3855,1066,2960,31.46875,31.46875,92.5,1148,150,1026,3,2,0,221.27369223430065,40.08037578962428,192.90881913484412,38,41,265,154,267,32,32,1042,45,3,0,0,0,0,48.872881987355726,47.482192385672334,53.0064486053348,14.770344814441536,8,0,2.03125,1.8283253095387593,3,77,0,223,36,1,0,7415,385,1536,208,387,26,168,207,13,379,295,38,88,0,4,50,0,537,124,413,20,3.9615384615384617,15.76923076923077,82,11,75,3,1,1,19.684080312564245,2.8753697987024105,17.635863138475905,2.7126497016272113,2.0170333392987803,2.6138418218760693,440,89,348,18.333333333333332,3.7083333333333335,14.5,82,11,75,3,1,1,18.689717910004838,2.6057495189590947,16.812693617224657,2.6766936096248664,2.08278537031645,2.59659709562646,495,141,396,18.23076923076923,4.615384615384615,15.153846153846153,67,15,60,2,1,1,17.970719116444123,3.617020906310384,15.781421179281345,405,104,336,16.875,4.333333333333333,14.0,67,15,60,2,1,1,16.73148852712553,3.324989557210001,14.688430821568382,0,2,26,18,24,31,5,0,1.1923076923076923,1.0748606624986246,30,5,0,1.25,1.0897247358851685,128,17,5,1,1,1,1,4.419563822222531,3.702110384871735,4.744975542551119,0.5329387100211931,2.110589710299249,2.130333768495006,2.0644579892269186,1.4913616938342726,113,17,4.708333333333333,1,1,1,1,4.420399366070396,3.6016971308290513,4.782600118020416,0.5527707983925666,5,0,1.9230769230769231,1.3846153846153846,81,27,0,195,218,17,0,14,2,0,9,0,17,2,1,0,1,0,0,0,3228,1,2688,124.15384615384616,515.0888416505442,20,0,3,0.7692307692307693,0.846153846153846,124,0,105,4.769230769230769,20.063951011142215,2,14,1,1
JFlex.Out,4763,1066,3485,13,31.46875,108.90625,1246,142,1016,5,2,1,239.8370459160761,37.165158730153436,195.64226910598205,3855,1066,2960,31.46875,31.46875,92.5,1148,150,1026,3,2,0,221.27369223430065,40.08037578962428,192.90881913484412,38,41,265,154,267,32,32,1042,45,3,0,0,0,0,48.872881987355726,47.482192385672334,53.0064486053348,14.770344814441536,8,0,2.03125,1.8283253095387593,3,77,0,223,36,1,0,2041,199,329,63,165,23,25,81,9,95,33,10,22,0,10,5,0,164,41,105,7,1.4090909090909092,4.454545454545454,18,3,13,3,1,1,5.138776585276736,0.6508100483307433,4.407919244509331,2.187520720836463,1.505149978319906,1.99563519459755,142,27,91,7.1,1.35,4.55,18,3,13,3,1,1,5.309425580983314,0.5722761571129799,4.543952024394624,2.130333768495006,1.5314789170422551,2.0253058652647704,144,43,107,6.090909090909091,1.5,4.7727272727272725,14,4,13,2,1,1,4.471211864493795,0.8918825850158447,4.144347938422973,123,28,98,6.15,1.4,4.9,14,4,13,2,1,1,4.552746423863293,0.7348469228349535,4.253234063627348,22,9,0,0,20,30,4,0,1.3636363636363635,1.1096868741576094,27,4,0,1.35,1.1521718621802912,48,6,2,1,1,1,1,1.526623238522424,1.526623238522424,1.526623238522424,0.6248966856757963,1.6901960800285136,1.6901960800285136,1.6901960800285136,1.414973347970818,45,6,2.25,1,1,1,1,1.5771810295587503,1.5771810295587503,1.5771810295587503,0.6538348415311012,3,0,0.8181818181818182,0.8331955809010617,85,12,0,145,43,2,0,1,2,0,2,0,20,2,1,0,2,0,0,0,85,1,24,3.8636363636363638,6.447659579226154,4,0,1,0.18181818181818182,0.38569460791993493,9,0,4,0.4090909090909091,0.9843821739867143,0,4,21,1
JFlex.RegExp,4763,1066,3485,13,31.46875,108.90625,1246,142,1016,5,2,1,239.8370459160761,37.165158730153436,195.64226910598205,3855,1066,2960,31.46875,31.46875,92.5,1148,150,1026,3,2,0,221.27369223430065,40.08037578962428,192.90881913484412,38,41,265,154,267,32,32,1042,45,3,0,0,0,0,48.872881987355726,47.482192385672334,53.0064486053348,14.770344814441536,8,0,2.03125,1.8283253095387593,3,77,0,223,36,1,0,708,76,142,35,50,10,15,26,3,33,40,14,1,0,1,1,0,59,9,44,14,1.75,11.0,47,4,41,3,1,1,19.05255888325765,1.299038105676658,17.320508075688775,1.7558748556724915,0.9030899869919435,1.6532125137753437,56,7,44,14.0,1.75,11.0,47,4,41,3,1,1,19.05255888325765,1.299038105676658,17.320508075688775,1.5797835966168101,0.9030899869919435,1.4913616938342726,39,9,30,9.25,1.75,7.5,31,4,27,2,1,1,12.55736835487436,1.299038105676658,11.258330249197702,37,7,30,9.25,1.75,7.5,31,4,27,2,1,1,12.55736835487436,1.299038105676658,11.258330249197702,0,0,4,1,4,3,1,0,0.75,0.4330127018922193,3,1,0,0.75,0.4330127018922193,18,15,5,1,1,1,1,6.06217782649107,0.4330127018922193,6.06217782649107,0.0,1.2787536009528289,1.2787536009528289,0.7781512503836436,0.6989700043360189,18,15,4.5,1,1,1,1,6.06217782649107,0.4330127018922193,6.06217782649107,0.0,1,0,0.25,0.4330127018922193,25,5,0,37,8,3,0,0,0,0,0,0,4,0,1,2,1,0,0,0,15,1,12,3.75,4.763139720814412,1,0,1,0.25,0.4330127018922193,66,0,66,16.5,28.578838324886476,1,3,6,1
JFlex.RegExp1,4763,1066,3485,13,31.46875,108.90625,1246,142,1016,5,2,1,239.8370459160761,37.165158730153436,195.64226910598205,3855,1066,2960,31.46875,31.46875,92.5,1148,150,1026,3,2,0,221.27369223430065,40.08037578962428,192.90881913484412,38,41,265,154,267,32,32,1042,45,3,0,0,0,0,48.872881987355726,47.482192385672334,53.0064486053348,14.770344814441536,8,0,2.03125,1.8283253095387593,3,77,0,223,36,1,0,214,47,41,12,16,11,1,17,1,6,6,6,1,0,0,0,1,17,5,7,5,1.0,2.3333333333333335,7,1,4,3,1,1,1.699673171197595,0.0,1.247219128924647,1.1760912590556813,0.6020599913279624,0.9030899869919435,14,3,7,4.666666666666667,1.0,2.3333333333333335,7,1,4,3,1,1,1.699673171197595,0.0,1.247219128924647,1.0,0.6020599913279624,0.8450980400142568,11,5,6,3.0,1.0,2.0,4,1,3,2,1,1,0.816496580927726,0.0,0.816496580927726,9,3,6,3.0,1.0,2.0,4,1,3,2,1,1,0.816496580927726,0.0,0.816496580927726,0,0,3,1,3,3,2,0,1.0,0.816496580927726,3,2,0,1.0,0.816496580927726,4,2,1,1,1,1,1,0.4714045207910317,0.4714045207910317,0.4714045207910317,0.0,0.6989700043360189,0.6989700043360189,0.6989700043360189,0.6020599913279624,4,2,1.3333333333333333,1,1,1,1,0.4714045207910317,0.4714045207910317,0.4714045207910317,0.0,1,0,0.3333333333333333,0.4714045207910317,33,2,0,7,7,0,0,1,0,0,0,0,3,0,2,0,1,4,2,0,4,1,2,1.3333333333333333,0.4714045207910317,0,0,0,0.0,0.0,1,0,1,0.3333333333333333,0.4714045207910317,1,2,4,1
JFlex.RegExp2,4763,1066,3485,13,31.46875,108.90625,1246,142,1016,5,2,1,239.8370459160761,37.165158730153436,195.64226910598205,3855,1066,2960,31.46875,31.46875,92.5,1148,150,1026,3,2,0,221.27369223430065,40.08037578962428,192.90881913484412,38,41,265,154,267,32,32,1042,45,3,0,0,0,0,48.872881987355726,47.482192385672334,53.0064486053348,14.770344814441536,8,0,2.03125,1.8283253095387593,3,77,0,223,36,1,0,191,41,42,12,13,8,2,14,1,6,8,6,0,0,0,0,1,16,5,7,4,1.0,2.3333333333333335,5,1,3,3,1,1,0.9428090415820634,0.0,0.9428090415820634,1.146128035678238,0.6020599913279624,0.9030899869919435,13,3,7,4.333333333333333,1.0,2.3333333333333335,5,1,3,3,1,1,0.9428090415820634,0.0,0.9428090415820634,0.9542425094393249,0.6020599913279624,0.7781512503836436,10,5,5,2.6666666666666665,1.0,1.6666666666666667,4,1,3,2,1,1,0.9428090415820634,0.0,0.9428090415820634,8,3,5,2.6666666666666665,1.0,1.6666666666666667,4,1,3,2,1,1,0.9428090415820634,0.0,0.9428090415820634,0,0,3,2,3,4,3,0,1.3333333333333333,1.247219128924647,4,3,0,1.3333333333333333,1.247219128924647,3,1,1,1,1,1,1,0.0,0.0,0.0,0.0,0.6020599913279624,0.6020599913279624,0.6020599913279624,0.6020599913279624,3,1,1.0,1,1,1,1,0.0,0.0,0.0,0.0,0,0,0.0,0.0,33,2,0,9,8,0,0,2,0,0,0,0,3,0,2,0,1,4,2,0,3,1,1,1.0,0.0,0,0,0,0.0,0.0,0,0,0,0.0,0.0,1,2,4,1
JFlex.RegExps,4763,1066,3485,13,31.46875,108.90625,1246,142,1016,5,2,1,239.8370459160761,37.165158730153436,195.64226910598205,3855,1066,2960,31.46875,31.46875,92.5,1148,150,1026,3,2,0,221.27369223430065,40.08037578962428,192.90881913484412,38,41,265,154,267,32,32,1042,45,3,0,0,0,0,48.872881987355726,47.482192385672334,53.0064486053348,14.770344814441536,8,0,2.03125,1.8283253095387593,3,77,0,223,36,1,0,1142,114,238,58,75,13,12,26,9,52,61,11,9,0,1,8,0,95,27,53,6,1.4285714285714286,3.7857142857142856,15,5,11,3,1,1,4.328948592714788,1.0497813183356477,3.6874027140400876,1.9444826721501687,1.3222192947339193,1.7323937598229686,67,14,45,8.375,1.75,5.625,15,5,11,3,1,1,4.635124054434789,1.299038105676658,3.9350190596742984,1.845098040014257,1.3010299956639813,1.7403626894942439,76,26,54,4.928571428571429,1.3571428571428572,3.857142857142857,13,5,11,2,1,1,3.954460153047546,1.0424656799518874,3.814579977948197,55,13,46,6.875,1.625,5.75,13,5,11,2,1,1,4.2555111326373005,1.3169567191065923,4.085033659592048,0,0,14,6,8,18,6,0,1.2857142857142858,1.4356965173029843,13,6,0,1.625,1.79843682124227,23,5,2,1,1,1,1,1.0424656799518874,1.0424656799518874,1.097306535409801,0.0,1.380211241711606,1.3979400086720377,1.380211241711606,1.1760912590556813,16,5,2.0,1,1,1,1,1.224744871391589,1.224744871391589,1.224744871391589,0.0,2,0,0.5,0.6267831705280087,64,10,0,59,49,2,0,6,0,0,0,0,14,6,1,0,1,0,0,0,27,1,9,1.9285714285714286,2.016513459070443,1,0,1,0.07142857142857142,0.2575393768188564,0,0,0,0.0,0.0,1,5,2,1
JFlex.ScannerException,4763,1066,3485,13,31.46875,108.90625,1246,142,1016,5,2,1,239.8370459160761,37.165158730153436,195.64226910598205,3855,1066,2960,31.46875,31.46875,92.5,1148,150,1026,3,2,0,221.27369223430065,40.08037578962428,192.90881913484412,38,41,265,154,267,32,32,1042,45,3,0,0,0,0,48.872881987355726,47.482192385672334,53.0064486053348,14.770344814441536,8,0,2.03125,1.8283253095387593,3,77,0,223,36,1,0,417,48,71,14,43,11,4,6,1,14,6,0,0,0,0,0,1,28,11,10,4,1.0,1.6666666666666667,7,1,5,3,1,1,1.49071198499986,0.0,1.4907119849998596,1.3617278360175928,0.8450980400142568,1.041392685158225,22,6,10,3.6666666666666665,1.0,1.6666666666666667,7,1,5,3,1,1,1.49071198499986,0.0,1.4907119849998596,1.2304489213782739,0.8450980400142568,1.041392685158225,21,11,10,2.6666666666666665,1.0,1.6666666666666667,6,1,5,2,1,1,1.49071198499986,0.0,1.4907119849998596,16,6,10,2.6666666666666665,1.0,1.6666666666666667,6,1,5,2,1,1,1.49071198499986,0.0,1.4907119849998596,0,0,6,4,6,17,5,1,2.8333333333333335,1.3437096247164249,17,5,1,2.8333333333333335,1.3437096247164249,6,1,1,1,1,1,1,0.0,0.0,0.0,0.0,0.8450980400142568,0.8450980400142568,0.8450980400142568,0.8450980400142568,6,1,1.0,1,1,1,1,0.0,0.0,0.0,0.0,0,0,0.0,0.0,83,2,0,27,15,0,0,1,0,0,1,0,5,0,2,0,2,0,0,0,6,1,1,1.0,0.0,0,0,0,0.0,0.0,0,0,0,0.0,0.0,6,1,1,1
JFlex.SemCheck,4763,1066,3485,13,31.46875,108.90625,1246,142,1016,5,2,1,239.8370459160761,37.165158730153436,195.64226910598205,3855,1066,2960,31.46875,31.46875,92.5,1148,150,1026,3,2,0,221.27369223430065,40.08037578962428,192.90881913484412,38,41,265,154,267,32,32,1042,45,3,0,0,0,0,48.872881987355726,47.482192385672334,53.0064486053348,14.770344814441536,8,0,2.03125,1.8283253095387593,3,77,0,223,36,1,0,2054,132,430,70,168,22,27,77,11,81,116,39,16,0,5,19,0,160,28,131,26,4.166666666666667,21.833333333333332,38,7,32,3,1,1,12.897028081435403,2.034425935955617,11.880188924797825,2.1958996524092336,1.414973347970818,2.12057393120585,156,25,131,26.0,4.166666666666667,21.833333333333332,38,7,32,3,1,1,12.897028081435403,2.034425935955617,11.880188924797825,2.0086001717619175,1.4313637641589874,1.9395192526186185,104,29,86,16.833333333333332,4.333333333333333,14.333333333333334,25,7,22,2,1,1,7.602996485304695,2.1343747458109497,6.920179830675565,101,26,86,16.833333333333332,4.333333333333333,14.333333333333334,25,7,22,2,1,1,7.602996485304695,2.1343747458109497,6.920179830675565,6,2,0,0,6,10,4,1,1.6666666666666667,1.1055415967851332,10,4,1,1.6666666666666667,1.1055415967851332,58,15,10,1,1,3,1,5.21749194749951,1.4907119849998598,4.775516260631467,4.533823502911814,1.7708520116421442,1.792391689498254,1.3617278360175928,1.6532125137753437,58,15,9.666666666666666,1,1,3,1,5.21749194749951,1.4907119849998598,4.775516260631467,4.533823502911814,2,0,1.6666666666666667,0.74535599249993,33,15,0,83,49,3,0,1,0,0,5,0,1,0,1,0,1,0,0,0,49,1,11,8.166666666666666,3.670452590924207,5,0,1,0.8333333333333334,0.372677996249965,176,0,47,29.333333333333332,21.171259344267224,0,10,0,1
JFlex.Skeleton,4763,1066,3485,13,31.46875,108.90625,1246,142,1016,5,2,1,239.8370459160761,37.165158730153436,195.64226910598205,3855,1066,2960,31.46875,31.46875,92.5,1148,150,1026,3,2,0,221.27369223430065,40.08037578962428,192.90881913484412,38,41,265,154,267,32,32,1042,45,3,0,0,0,0,48.872881987355726,47.482192385672334,53.0064486053348,14.770344814441536,8,0,2.03125,1.8283253095387593,3,77,0,223,36,1,0,2331,303,402,45,38,19,11,531,6,24,26,2,5,0,3,6,0,369,34,330,13,2.6666666666666665,8.333333333333334,32,6,23,3,1,1,13.67073110293992,2.3570226039551585,10.370899457402697,1.591064607026499,0.9542425094393249,1.414973347970818,38,8,25,12.666666666666666,2.6666666666666665,8.333333333333334,32,6,23,3,1,1,13.67073110293992,2.3570226039551585,10.370899457402697,1.4771212547196624,1.0,1.380211241711606,34,14,24,9.666666666666666,3.0,7.666666666666667,25,7,21,2,1,1,10.842303978193728,2.8284271247461903,9.428090415820632,29,9,23,9.666666666666666,3.0,7.666666666666667,25,7,21,2,1,1,10.842303978193728,2.8284271247461903,9.428090415820632,1,2,2,2,3,2,1,0,0.6666666666666666,0.4714045207910317,2,1,0,0.6666666666666666,0.4714045207910317,9,7,3,1,1,1,1,2.8284271247461903,2.8284271247461903,2.8284271247461903,0.0,1.0,1.0,1.0,0.6020599913279624,9,7,3.0,1,1,1,1,2.8284271247461903,2.8284271247461903,2.8284271247461903,0.0,3,0,1.0,1.4142135623730951,44,11,0,18,18,3,0,2,1,0,0,0,3,0,1,0,1,0,0,0,28,1,26,9.333333333333334,11.785113019775793,1,0,1,0.3333333333333333,0.4714045207910317,2,0,2,0.6666666666666666,0.9428090415820634,1,3,3,1
JFlex.StatePairList,4763,1066,3485,13,31.46875,108.90625,1246,142,1016,5,2,1,239.8370459160761,37.165158730153436,195.64226910598205,3855,1066,2960,31.46875,31.46875,92.5,1148,150,1026,3,2,0,221.27369223430065,40.08037578962428,192.90881913484412,38,41,265,154,267,32,32,1042,45,3,0,0,0,0,48.872881987355726,47.482192385672334,53.0064486053348,14.770344814441536,8,0,2.03125,1.8283253095387593,3,77,0,223,36,1,0,556,74,96,24,42,15,15,14,8,27,11,1,6,0,0,4,0,39,12,24,9,2.0,6.0,11,3,8,5,1,3,2.29128784747792,1.0,1.8708286933869707,1.5440680443502757,0.9542425094393249,1.3979400086720377,34,8,24,8.5,2.0,6.0,11,3,8,5,1,3,2.29128784747792,1.0,1.8708286933869707,1.5440680443502757,1.041392685158225,1.3979400086720377,38,14,24,8.5,2.5,6.0,11,4,9,4,1,3,2.692582403567252,1.118033988749895,2.1213203435596424,34,10,24,8.5,2.5,6.0,11,4,9,4,1,3,2.692582403567252,1.118033988749895,2.1213203435596424,0,0,4,3,4,5,2,0,1.25,0.82915619758885,5,2,0,1.25,0.82915619758885,10,4,3,1,1,1,1,1.5,1.5,1.7853571071357126,0.8660254037844386,1.041392685158225,1.0791812460476249,1.041392685158225,0.8450980400142568,10,4,2.5,1,1,1,1,1.5,1.5,1.7853571071357126,0.8660254037844386,3,0,1.25,1.299038105676658,8,1,0,21,14,1,0,2,0,0,1,0,3,0,1,0,1,0,0,0,11,1,5,2.75,1.7853571071357126,2,0,1,0.5,0.5,3,0,3,0.75,1.299038105676658,1,1,1,1
JFlex.StateSet,4763,1066,3485,13,31.46875,108.90625,1246,142,1016,5,2,1,239.8370459160761,37.165158730153436,195.64226910598205,3855,1066,2960,31.46875,31.46875,92.5,1148,150,1026,3,2,0,221.27369223430065,40.08037578962428,192.90881913484412,38,41,265,154,267,32,32,1042,45,3,0,0,0,0,48.872881987355726,47.482192385672334,53.0064486053348,14.770344814441536,8,0,2.03125,1.8283253095387593,3,77,0,223,36,1,0,2605,148,448,59,204,20,50,117,20,123,95,23,44,0,0,12,0,194,56,126,8,2.1818181818181817,5.545454545454546,25,4,18,0,0,0,6.568928865978151,1.3016200966614866,4.94264626147934,2.2695129442179165,1.6901960800285136,2.089905111439398,173,44,113,8.238095238095237,2.0952380952380953,5.380952380952381,25,4,18,0,0,0,6.675504346238117,1.2688488185213551,4.999773237488262,2.2479732663618064,1.7242758696007892,2.12057393120585,182,58,132,8.0,2.3636363636363638,5.954545454545454,24,5,20,0,0,0,6.714976477316141,1.2984415324623362,5.8190695345505095,165,48,124,7.857142857142857,2.2857142857142856,5.904761904761905,24,5,20,0,0,0,6.840256986857913,1.2777531299998799,5.951428495225903,0,3,22,2,21,14,2,0,0.6363636363636364,0.5677270907634908,14,2,0,0.6666666666666666,0.5634361698190111,64,11,3,1,1,1,1,2.5745095015465993,2.5745095015465993,2.584521631969,2.0312639065003935,1.8129133566428555,1.8195439355418688,1.8129133566428555,1.5797835966168101,61,11,2.9047619047619047,1,1,1,1,2.635016253763223,2.635016253763223,2.645322745205933,2.073480100674023,3,0,0.7727272727272727,0.8491609860122457,50,4,0,113,56,3,0,2,1,1,2,0,19,1,1,0,1,0,0,0,120,1,28,5.454545454545454,7.114180926005037,8,0,1,0.36363636363636365,0.4810456929208345,33,0,17,1.5,3.6649444991456805,5,2,3,1
JFlex.StateSetEnumerator,4763,1066,3485,13,31.46875,108.90625,1246,142,1016,5,2,1,239.8370459160761,37.165158730153436,195.64226910598205,3855,1066,2960,31.46875,31.46875,92.5,1148,150,1026,3,2,0,221.27369223430065,40.08037578962428,192.90881913484412,38,41,265,154,267,32,32,1042,45,3,0,0,0,0,48.872881987355726,47.482192385672334,53.0064486053348,14.770344814441536,8,0,2.03125,1.8283253095387593,3,77,0,223,36,1,0,760,81,117,25,61,16,20,39,11,44,20,4,11,0,0,0,0,69,20,46,10,2.1666666666666665,7.5,32,7,27,2,1,0,10.526421783092086,2.1921577396609844,9.429563439877091,1.792391689498254,1.146128035678238,1.662757831681574,61,13,45,10.166666666666666,2.1666666666666665,7.5,32,7,27,2,1,0,10.526421783092086,2.1921577396609844,9.429563439877091,1.7323937598229686,1.146128035678238,1.6127838567197355,60,20,40,8.833333333333334,2.1666666666666665,6.666666666666667,27,7,20,1,1,0,9.007712744581106,2.1921577396609844,7.11024300256718,53,13,40,8.833333333333334,2.1666666666666665,6.666666666666667,27,7,20,1,1,0,9.007712744581106,2.1921577396609844,7.11024300256718,0,1,6,5,6,2,1,0,0.3333333333333333,0.4714045207910317,2,1,0,0.3333333333333333,0.4714045207910317,17,7,3,1,1,1,1,2.1147629234082532,2.1147629234082532,2.9860788111948193,0.7453559924999299,1.255272505103306,1.3424226808222062,1.255272505103306,0.9542425094393249,17,7,2.8333333333333335,1,1,1,1,2.1147629234082532,2.1147629234082532,2.9860788111948193,0.7453559924999299,2,0,0.8333333333333334,0.6871842709362768,53,2,0,52,17,1,0,1,0,0,1,0,5,0,1,0,1,0,0,0,20,1,8,3.3333333333333335,2.6874192494328497,2,0,1,0.3333333333333333,0.4714045207910317,3,0,2,0.5,0.7637626158259734,2,2,3,1
JFlex.StdOutWriter,4763,1066,3485,13,31.46875,108.90625,1246,142,1016,5,2,1,239.8370459160761,37.165158730153436,195.64226910598205,3855,1066,2960,31.46875,31.46875,92.5,1148,150,1026,3,2,0,221.27369223430065,40.08037578962428,192.90881913484412,38,41,265,154,267,32,32,1042,45,3,0,0,0,0,48.872881987355726,47.482192385672334,53.0064486053348,14.770344814441536,8,0,2.03125,1.8283253095387593,3,77,0,223,36,1,0,519,79,79,27,55,18,3,12,6,18,17,11,7,0,0,1,5,45,10,24,7,1.0,3.8333333333333335,10,1,6,3,1,1,2.6874192494328497,0.0,2.034425935955617,1.6127838567197355,0.8450980400142568,1.380211241711606,37,5,22,7.4,1.0,4.4,10,1,6,3,1,1,2.33238075793812,0.0,1.7435595774162693,1.462397997898956,0.8450980400142568,1.3617278360175928,32,10,22,4.666666666666667,1.0,3.6666666666666665,7,1,6,2,1,1,1.9720265943665387,0.0,1.9720265943665387,26,5,21,5.2,1.0,4.2,7,1,6,2,1,1,1.7204650534085255,0.0,1.7204650534085255,0,1,6,2,5,8,3,0,1.3333333333333333,1.2472191289246473,7,3,0,1.4,1.3564659966250536,13,3,2,1,1,1,1,0.8975274678557507,0.8975274678557507,0.8975274678557507,0.0,1.146128035678238,1.146128035678238,1.146128035678238,0.8450980400142568,12,3,2.4,1,1,1,1,0.8,0.8,0.8,0.0,2,0,1.1666666666666667,0.8975274678557508,25,3,0,26,20,0,0,1,0,0,0,0,6,1,2,0,1,0,0,0,13,1,3,2.1666666666666665,0.8975274678557507,0,0,0,0.0,0.0,4,0,1,0.6666666666666666,0.4714045207910317,1,1,1,1
JFlex.Timer,4763,1066,3485,13,31.46875,108.90625,1246,142,1016,5,2,1,239.8370459160761,37.165158730153436,195.64226910598205,3855,1066,2960,31.46875,31.46875,92.5,1148,150,1026,3,2,0,221.27369223430065,40.08037578962428,192.90881913484412,38,41,265,154,267,32,32,1042,45,3,0,0,0,0,48.872881987355726,47.482192385672334,53.0064486053348,14.770344814441536,8,0,2.03125,1.8283253095387593,3,77,0,223,36,1,0,468,67,60,17,37,12,12,43,6,21,4,7,5,0,0,0,0,39,14,25,7,2.2,5.0,17,7,15,4,1,2,5.059644256269407,2.4,5.059644256269407,1.5563025007672873,1.0791812460476249,1.414973347970818,35,11,25,7.0,2.2,5.0,17,7,15,4,1,2,5.059644256269407,2.4,5.059644256269407,1.4771212547196624,1.0791812460476249,1.3010299956639813,32,14,19,5.8,2.2,3.8,16,7,10,3,1,2,5.1146847410177685,2.4,3.124099870362662,29,11,19,5.8,2.2,3.8,16,7,10,3,1,2,5.1146847410177685,2.4,3.124099870362662,0,0,5,3,5,0,0,0,0.0,0.0,0,0,0,0.0,0.0,10,5,2,1,1,1,1,1.5491933384829668,1.5491933384829668,1.5491933384829668,1.6,1.041392685158225,1.041392685158225,1.041392685158225,1.0,10,5,2.0,1,1,1,1,1.5491933384829668,1.5491933384829668,1.5491933384829668,1.6,1,0,0.4,0.48989794855663565,40,1,0,12,14,0,0,0,0,0,0,0,5,0,1,0,1,0,0,0,10,1,5,2.0,1.5491933384829668,1,0,1,0.2,0.4,5,0,4,1.0,1.5491933384829668,1,0,1,1
Main,719,242,355,5,9.48,14.16,122,21,71,3,2,0,21.95289502548582,4.1387920943193075,13.35868256977461,555,244,338,9.56,9.56,13.52,101,28,76,2,2,0,18.648324321504063,4.988627065636396,14.546807209831305,6,9,109,50,107,25,25,174,21,2,0,0,0,0,6.2768144786985705,6.249991999994879,6.966663476873273,2.6241951146970757,3,0,0.8,0.692820323027551,1,1,0,113,8,1,1,130,46,21,17,10,8,2,1,1,3,5,0,0,0,2,3,0,10,4,5,8,3.0,5.0,8,3,5,8,3,5,0.0,0.0,0.0,0.9542425094393249,0.6020599913279624,0.7781512503836436,8,3,5,8.0,3.0,5.0,8,3,5,8,3,5,0.0,0.0,0.0,0.7781512503836436,0.6020599913279624,0.6989700043360189,6,4,4,5.0,3.0,4.0,5,3,4,5,3,4,0.0,0.0,0.0,5,3,4,5.0,3.0,4.0,5,3,4,5,3,4,0.0,0.0,0.0,1,0,0,0,1,1,1,1,1.0,0.0,1,1,1,1.0,0.0,2,2,2,2,2,2,1,0.0,0.0,0.0,0.0,0.47712125471966244,0.47712125471966244,0.47712125471966244,0.3010299956639812,2,2,2.0,2,2,2,1,0.0,0.0,0.0,0.0,1,1,1.0,0.0,0,4,0,11,13,2,0,0,0,0,0,0,1,0,1,0,1,0,0,0,2,2,2,2.0,0.0,0,0,0,0.0,0.0,1,1,1,1.0,0.0,0,0,0,1
Main,719,242,355,5,9.48,14.16,122,21,71,3,2,0,21.95289502548582,4.1387920943193075,13.35868256977461,555,244,338,9.56,9.56,13.52,101,28,76,2,2,0,18.648324321504063,4.988627065636396,14.546807209831305,6,9,109,50,107,25,25,174,21,2,0,0,0,0,6.2768144786985705,6.249991999994879,6.966663476873273,2.6241951146970757,3,0,0.8,0.692820323027551,1,1,0,113,8,1,1,130,46,21,17,10,8,2,1,1,3,5,0,0,0,2,3,0,10,4,5,8,3.0,5.0,8,3,5,8,3,5,0.0,0.0,0.0,0.9542425094393249,0.6020599913279624,0.7781512503836436,8,3,5,8.0,3.0,5.0,8,3,5,8,3,5,0.0,0.0,0.0,0.7781512503836436,0.6020599913279624,0.6989700043360189,6,4,4,5.0,3.0,4.0,5,3,4,5,3,4,0.0,0.0,0.0,5,3,4,5.0,3.0,4.0,5,3,4,5,3,4,0.0,0.0,0.0,1,0,0,0,1,1,1,1,1.0,0.0,1,1,1,1.0,0.0,2,2,2,2,2,2,1,0.0,0.0,0.0,0.0,0.47712125471966244,0.47712125471966244,0.47712125471966244,0.3010299956639812,2,2,2.0,2,2,2,1,0.0,0.0,0.0,0.0,1,1,1.0,0.0,0,4,0,11,13,2,0,0,0,0,0,0,1,0,1,0,1,0,0,0,2,2,2,2.0,0.0,0,0,0,0.0,0.0,1,1,1,1.0,0.0,0,0,0,1
STEfun,719,242,355,5,9.48,14.16,122,21,71,3,2,0,21.95289502548582,4.1387920943193075,13.35868256977461,555,244,338,9.56,9.56,13.52,101,28,76,2,2,0,18.648324321504063,4.988627065636396,14.546807209831305,6,9,109,50,107,25,25,174,21,2,0,0,0,0,6.2768144786985705,6.249991999994879,6.966663476873273,2.6241951146970757,3,0,0.8,0.692820323027551,1,1,0,113,8,1,1,183,38,28,14,16,6,2,3,1,9,1,4,0,0,0,0,1,21,8,7,3,1.0,1.4,5,1,3,3,1,1,0.8000000000000002,0.0,0.8000000000000002,1.255272505103306,0.7781512503836436,0.9030899869919435,14,4,6,3.5,1.0,1.5,5,1,3,3,1,1,0.8660254037844386,0.0,0.8660254037844386,1.1139433523068367,0.7781512503836436,0.9030899869919435,15,8,7,2.4,1.0,1.4,4,1,3,2,1,1,0.8000000000000002,0.0,0.8000000000000002,10,4,6,2.5,1.0,1.5,4,1,3,2,1,1,0.8660254037844386,0.0,0.8660254037844386,0,0,5,2,4,3,3,0,0.6,1.2000000000000002,3,3,0,0.75,1.299038105676658,5,1,1,1,1,1,1,0.0,0.0,0.0,0.0,0.7781512503836436,0.7781512503836436,0.7781512503836436,0.7781512503836436,4,1,1.0,1,1,1,1,0.0,0.0,0.0,0.0,0,0,0.0,0.0,50,2,0,11,8,0,0,1,0,0,0,0,5,1,2,0,1,3,2,0,5,1,1,1.0,0.0,0,0,0,0.0,0.0,0,0,0,0.0,0.0,1,2,2,1
STEvar,719,242,355,5,9.48,14.16,122,21,71,3,2,0,21.95289502548582,4.1387920943193075,13.35868256977461,555,244,338,9.56,9.56,13.52,101,28,76,2,2,0,18.648324321504063,4.988627065636396,14.546807209831305,6,9,109,50,107,25,25,174,21,2,0,0,0,0,6.2768144786985705,6.249991999994879,6.966663476873273,2.6241951146970757,3,0,0.8,0.692820323027551,1,1,0,113,8,1,1,202,45,28,14,22,9,2,8,1,10,1,5,1,0,0,0,1,24,8,10,4,1.0,2.0,6,1,4,3,1,1,1.2649110640673518,0.0,1.2649110640673518,1.3222192947339193,0.7781512503836436,1.041392685158225,17,4,9,4.25,1.0,2.25,6,1,4,3,1,1,1.299038105676658,0.0,1.299038105676658,1.1760912590556813,0.7781512503836436,1.0,17,8,9,2.8,1.0,1.8,4,1,3,2,1,1,0.9797958971132712,0.0,0.9797958971132713,12,4,8,3.0,1.0,2.0,4,1,3,2,1,1,1.0,0.0,1.0,0,0,5,2,4,3,3,0,0.6,1.2000000000000002,3,3,0,0.75,1.299038105676658,6,2,1,1,1,1,1,0.4,0.4,0.4,0.0,0.8450980400142568,0.8450980400142568,0.8450980400142568,0.7781512503836436,5,2,1.25,1,1,1,1,0.4330127018922193,0.4330127018922193,0.4330127018922193,0.0,1,0,0.2,0.4000000000000001,40,1,0,12,8,0,0,0,0,0,0,0,5,1,2,0,1,3,2,0,6,1,2,1.2,0.4,0,0,0,0.0,0.0,1,0,1,0.2,0.4000000000000001,1,1,2,1
StraightStreamReader,719,242,355,5,9.48,14.16,122,21,71,3,2,0,21.95289502548582,4.1387920943193075,13.35868256977461,555,244,338,9.56,9.56,13.52,101,28,76,2,2,0,18.648324321504063,4.988627065636396,14.546807209831305,6,9,109,50,107,25,25,174,21,2,0,0,0,0,6.2768144786985705,6.249991999994879,6.966663476873273,2.6241951146970757,3,0,0.8,0.692820323027551,1,1,0,113,8,1,1,1566,143,268,42,104,23,27,70,13,67,52,17,21,0,11,15,0,122,21,71,11,1.6363636363636365,6.454545454545454,81,7,56,3,1,1,22.312209902737152,1.7200807207658637,15.732789363524347,2.075546961392531,1.2787536009528289,1.8573324964312685,118,18,71,10.727272727272727,1.6363636363636365,6.454545454545454,81,7,56,3,1,1,22.312209902737152,1.7200807207658637,15.732789363524347,1.99563519459755,1.414973347970818,1.8864907251724818,101,28,76,8.909090909090908,2.272727272727273,6.909090909090909,71,13,60,2,1,1,19.736696534188408,3.4401614415317274,16.876312315057813,98,25,76,8.909090909090908,2.272727272727273,6.909090909090909,71,13,60,2,1,1,19.736696534188408,3.4401614415317274,16.876312315057813,1,0,10,2,11,8,3,0,0.7272727272727273,0.8624393618641034,8,3,0,0.7272727272727273,0.8624393618641034,33,21,3,1,1,1,1,5.720775535473554,5.720775535473554,6.58196885814471,0.0,1.5314789170422551,1.5797835966168101,1.5314789170422551,1.0791812460476249,33,21,3.0,1,1,1,1,5.720775535473554,5.720775535473554,6.58196885814471,0.0,3,0,0.36363636363636365,0.8813963377120598,55,5,0,27,31,4,0,2,0,0,1,0,10,0,2,0,1,0,0,0,124430,1,124417,11311.818181818182,35766.998981585806,6,0,5,0.5454545454545454,1.4373989364401725,1,0,1,0.09090909090909091,0.28747978728803447,1,0,0,1
SymTab,719,242,355,5,9.48,14.16,122,21,71,3,2,0,21.95289502548582,4.1387920943193075,13.35868256977461,555,244,338,9.56,9.56,13.52,101,28,76,2,2,0,18.648324321504063,4.988627065636396,14.546807209831305,6,9,109,50,107,25,25,174,21,2,0,0,0,0,6.2768144786985705,6.249991999994879,6.966663476873273,2.6241951146970757,3,0,0.8,0.692820323027551,1,1,0,113,8,1,1,382,67,73,25,25,11,8,11,6,19,10,4,3,0,0,1,0,36,14,18,5,1.8333333333333333,3.0,11,4,7,3,1,1,2.748737083745107,1.0671873729054748,2.0816659994661326,1.5185139398778875,1.0791812460476249,1.2787536009528289,32,11,18,5.333333333333333,1.8333333333333333,3.0,11,4,7,3,1,1,2.748737083745107,1.0671873729054748,2.0816659994661326,1.4313637641589874,1.0791812460476249,1.2787536009528289,29,14,18,4.333333333333333,1.8333333333333333,3.0,10,4,7,2,1,1,2.748737083745107,1.0671873729054748,2.0816659994661326,26,11,18,4.333333333333333,1.8333333333333333,3.0,10,4,7,2,1,1,2.748737083745107,1.0671873729054748,2.0816659994661326,0,0,6,2,6,4,2,0,0.6666666666666666,0.74535599249993,4,2,0,0.6666666666666666,0.74535599249993,9,3,2,1,1,1,1,0.7637626158259734,0.7637626158259734,0.9428090415820634,0.0,1.0,1.041392685158225,1.0,0.8450980400142568,9,3,1.5,1,1,1,1,0.7637626158259734,0.7637626158259734,0.9428090415820634,0.0,1,0,0.3333333333333333,0.4714045207910317,33,4,0,28,17,2,0,2,0,0,0,0,6,0,1,0,1,0,0,0,10,1,4,1.6666666666666667,1.1055415967851332,1,0,1,0.16666666666666666,0.37267799624996495,0,0,0,0.0,0.0,2,1,6,1
SymtabEntry,719,242,355,5,9.48,14.16,122,21,71,3,2,0,21.95289502548582,4.1387920943193075,13.35868256977461,555,244,338,9.56,9.56,13.52,101,28,76,2,2,0,18.648324321504063,4.988627065636396,14.546807209831305,6,9,109,50,107,25,25,174,21,2,0,0,0,0,6.2768144786985705,6.249991999994879,6.966663476873273,2.6241951146970757,3,0,0.8,0.692820323027551,1,1,0,113,8,1,1,135,32,16,9,16,6,4,1,1,7,0,2,0,0,0,0,0,15,8,6,3,1.0,1.0,3,1,1,3,1,1,0.0,0.0,0.0,1.0,0.6020599913279624,0.6020599913279624,9,3,3,3.0,1.0,1.0,3,1,1,3,1,1,0.0,0.0,0.0,0.8450980400142568,0.6020599913279624,0.6020599913279624,11,8,3,2.0,1.0,1.0,2,1,1,2,1,1,0.0,0.0,0.0,6,3,3,2.0,1.0,1.0,2,1,1,2,1,1,0.0,0.0,0.0,0,3,3,1,3,1,1,0,0.3333333333333333,0.4714045207910317,1,1,0,0.3333333333333333,0.4714045207910317,3,1,1,1,1,1,1,0.0,0.0,0.0,0.0,0.6020599913279624,0.6020599913279624,0.6020599913279624,0.6020599913279624,3,1,1.0,1,1,1,1,0.0,0.0,0.0,0.0,0,0,0.0,0.0,33,1,0,7,4,0,0,0,0,0,0,0,3,0,1,2,1,0,0,0,3,1,1,1.0,0.0,0,0,0,0.0,0.0,0,0,0,0.0,0.0,1,0,5,1
Tboolexp,719,242,355,5,9.48,14.16,122,21,71,3,2,0,21.95289502548582,4.1387920943193075,13.35868256977461,555,244,338,9.56,9.56,13.52,101,28,76,2,2,0,18.648324321504063,4.988627065636396,14.546807209831305,6,9,109,50,107,25,25,174,21,2,0,0,0,0,6.2768144786985705,6.249991999994879,6.966663476873273,2.6241951146970757,3,0,0.8,0.692820323027551,1,1,0,113,8,1,1,336,68,64,18,29,13,5,12,6,17,6,6,2,0,0,0,0,33,10,18,6,1.4,3.6,10,3,7,4,1,2,2.2271057451320084,0.8,1.8547236990991407,1.4771212547196624,0.9030899869919435,1.2787536009528289,29,7,18,5.8,1.4,3.6,10,3,7,4,1,2,2.2271057451320084,0.8,1.8547236990991407,1.3617278360175928,0.9030899869919435,1.255272505103306,25,10,17,4.4,1.4,3.4,8,3,7,3,1,2,1.8547236990991407,0.8,1.8547236990991407,22,7,17,4.4,1.4,3.4,8,3,7,3,1,2,1.8547236990991407,0.8,1.8547236990991407,0,0,5,3,5,7,3,0,1.4,1.019803902718557,7,3,0,1.4,1.019803902718557,9,4,2,1,1,1,1,1.1661903789690602,0.4898979485566356,1.1661903789690602,0.0,1.0,1.0,0.9030899869919435,0.7781512503836436,9,4,1.8,1,1,1,1,1.1661903789690602,0.4898979485566356,1.1661903789690602,0.0,1,0,0.4,0.48989794855663565,13,3,0,20,10,0,0,2,0,0,0,0,5,0,1,0,2,0,1,0,9,1,4,1.8,1.1661903789690602,1,0,1,0.2,0.4,7,0,6,1.4,2.33238075793812,1,2,1,1
Tdekl,719,242,355,5,9.48,14.16,122,21,71,3,2,0,21.95289502548582,4.1387920943193075,13.35868256977461,555,244,338,9.56,9.56,13.52,101,28,76,2,2,0,18.648324321504063,4.988627065636396,14.546807209831305,6,9,109,50,107,25,25,174,21,2,0,0,0,0,6.2768144786985705,6.249991999994879,6.966663476873273,2.6241951146970757,3,0,0.8,0.692820323027551,1,1,0,113,8,1,1,458,84,80,33,28,11,6,10,2,19,12,4,1,0,0,2,0,36,16,15,4,1.25,1.875,8,3,6,1,1,1,1.9324531042175384,0.6614378277661477,1.6909686573085854,1.4771212547196624,1.041392685158225,1.2041199826559248,21,7,9,3.0,1.0,1.2857142857142858,5,1,3,1,1,1,1.0690449676496976,0.0,0.6998542122237652,1.380211241711606,1.0,1.2041199826559248,29,15,15,2.875,1.125,1.875,7,2,6,2,1,1,1.6909686573085854,0.33071891388307384,1.6909686573085854,16,7,9,2.2857142857142856,1.0,1.2857142857142858,4,1,3,2,1,1,0.6998542122237653,0.0,0.6998542122237652,0,0,8,5,7,7,3,0,0.875,1.0532687216470449,6,3,0,0.8571428571428571,1.1248582677159729,9,2,1,1,1,1,1,0.33071891388307384,0.33071891388307384,0.33071891388307384,0.0,1.0,1.0,1.0,0.9542425094393249,7,1,1.0,1,1,1,1,0.0,0.0,0.0,0.0,1,0,0.125,0.33071891388307384,55,7,0,30,23,0,0,4,0,0,0,0,8,1,1,0,2,0,1,0,9,1,2,1.125,0.33071891388307384,0,0,0,0.0,0.0,0,0,0,0.0,0.0,1,6,3,1
Tdekllist,719,242,355,5,9.48,14.16,122,21,71,3,2,0,21.95289502548582,4.1387920943193075,13.35868256977461,555,244,338,9.56,9.56,13.52,101,28,76,2,2,0,18.648324321504063,4.988627065636396,14.546807209831305,6,9,109,50,107,25,25,174,21,2,0,0,0,0,6.2768144786985705,6.249991999994879,6.966663476873273,2.6241951146970757,3,0,0.8,0.692820323027551,1,1,0,113,8,1,1,375,50,60,15,27,8,4,7,2,16,9,2,5,0,0,0,0,37,10,19,5,1.0,2.7142857142857144,6,1,4,4,1,2,0.6998542122237652,0.0,0.6998542122237652,1.5314789170422551,0.9030899869919435,1.3010299956639813,28,6,16,4.666666666666667,1.0,2.6666666666666665,6,1,4,4,1,2,0.7453559924999298,0.0,0.7453559924999298,1.4313637641589874,0.9030899869919435,1.3010299956639813,29,10,19,3.7142857142857144,1.0,2.7142857142857144,4,1,3,3,1,2,0.4517539514526256,0.0,0.4517539514526256,22,6,16,3.6666666666666665,1.0,2.6666666666666665,4,1,3,3,1,2,0.4714045207910317,0.0,0.4714045207910317,0,0,7,2,6,5,2,0,0.7142857142857143,0.6998542122237652,4,2,0,0.6666666666666666,0.74535599249993,12,2,2,1,1,1,1,0.45175395145262565,0.45175395145262565,0.45175395145262565,0.0,1.1139433523068367,1.1139433523068367,1.1139433523068367,0.9030899869919435,10,2,1.6666666666666667,1,1,1,1,0.47140452079103173,0.47140452079103173,0.47140452079103173,0.0,1,0,0.7142857142857143,0.4517539514526257,0,3,0,19,12,0,0,2,0,0,0,0,7,1,1,0,2,0,1,0,12,1,2,1.7142857142857142,0.45175395145262565,0,0,0,0.0,0.0,1,0,1,0.14285714285714285,0.34992710611188266,2,2,1,1
Texp,719,242,355,5,9.48,14.16,122,21,71,3,2,0,21.95289502548582,4.1387920943193075,13.35868256977461,555,244,338,9.56,9.56,13.52,101,28,76,2,2,0,18.648324321504063,4.988627065636396,14.546807209831305,6,9,109,50,107,25,25,174,21,2,0,0,0,0,6.2768144786985705,6.249991999994879,6.966663476873273,2.6241951146970757,3,0,0.8,0.692820323027551,1,1,0,113,8,1,1,89,31,11,9,14,6,0,0,0,3,0,0,0,0,0,0,0,5,4,0,0,1.0,0.0,1,1,0,1,1,0,0.0,0.0,0.0,0.6020599913279624,0.6020599913279624,0.0,3,3,0,1.0,1.0,0.0,1,1,0,1,1,0,0.0,0.0,0.0,0.6020599913279624,0.6020599913279624,0.0,4,4,0,1.0,1.0,0.0,1,1,0,1,1,0,0.0,0.0,0.0,3,3,0,1.0,1.0,0.0,1,1,0,1,1,0,0.0,0.0,0.0,0,0,3,0,3,4,2,1,1.3333333333333333,0.4714045207910317,4,2,1,1.3333333333333333,0.4714045207910317,0,0,0,0,0,0,0,0.0,0.0,0.0,0.0,0.0,0.0,0.0,0.0,0,0,0.0,0,0,0,0,0.0,0.0,0.0,0.0,0,0,0.0,0.0,0,1,0,18,1,0,0,0,0,0,0,0,3,0,1,6,2,0,0,0,0,0,0,0.0,0.0,0,0,0,0.0,0.0,0,0,0,0.0,0.0,0,1,9,1
Texpinfix,719,242,355,5,9.48,14.16,122,21,71,3,2,0,21.95289502548582,4.1387920943193075,13.35868256977461,555,244,338,9.56,9.56,13.52,101,28,76,2,2,0,18.648324321504063,4.988627065636396,14.546807209831305,6,9,109,50,107,25,25,174,21,2,0,0,0,0,6.2768144786985705,6.249991999994879,6.966663476873273,2.6241951146970757,3,0,0.8,0.692820323027551,1,1,0,113,8,1,1,336,64,64,18,28,10,5,13,5,17,6,6,1,0,0,0,0,31,10,16,5,1.4,3.2,11,3,8,3,1,1,2.870540018881465,0.8,2.4819347291981715,1.4471580313422192,0.9030899869919435,1.2304489213782739,27,7,16,5.4,1.4,3.2,11,3,8,3,1,1,2.870540018881465,0.8,2.4819347291981715,1.3424226808222062,0.9030899869919435,1.2304489213782739,24,10,16,4.2,1.4,3.2,9,3,8,2,1,1,2.4819347291981715,0.8,2.4819347291981715,21,7,16,4.2,1.4,3.2,9,3,8,2,1,1,2.4819347291981715,0.8,2.4819347291981715,0,0,5,3,5,7,3,0,1.4,1.019803902718557,7,3,0,1.4,1.019803902718557,9,5,2,1,1,1,1,1.6,0.4,1.6,0.0,1.0,1.0,0.8450980400142568,0.7781512503836436,9,5,1.8,1,1,1,1,1.6,0.4,1.6,0.0,1,0,0.2,0.4,13,2,0,17,10,0,0,2,0,0,0,0,5,0,2,0,2,3,4,0,9,1,5,1.8,1.6,1,0,1,0.2,0.4,10,0,10,2.0,4.0,1,2,0,1
Texplist,719,242,355,5,9.48,14.16,122,21,71,3,2,0,21.95289502548582,4.1387920943193075,13.35868256977461,555,244,338,9.56,9.56,13.52,101,28,76,2,2,0,18.648324321504063,4.988627065636396,14.546807209831305,6,9,109,50,107,25,25,174,21,2,0,0,0,0,6.2768144786985705,6.249991999994879,6.966663476873273,2.6241951146970757,3,0,0.8,0.692820323027551,1,1,0,113,8,1,1,372,58,70,19,34,9,5,9,2,16,8,4,5,0,0,0,0,37,10,19,5,1.0,2.7142857142857144,6,1,4,4,1,2,0.880630571852711,0.0,0.880630571852711,1.5314789170422551,0.9030899869919435,1.3010299956639813,33,7,19,4.714285714285714,1.0,2.7142857142857144,6,1,4,4,1,2,0.880630571852711,0.0,0.880630571852711,1.4313637641589874,0.9030899869919435,1.3010299956639813,29,10,19,3.7142857142857144,1.0,2.7142857142857144,4,1,3,3,1,2,0.4517539514526256,0.0,0.4517539514526256,26,7,19,3.7142857142857144,1.0,2.7142857142857144,4,1,3,3,1,2,0.4517539514526256,0.0,0.4517539514526256,0,0,7,2,7,9,4,0,1.2857142857142858,1.2777531299998799,9,4,0,1.2857142857142858,1.2777531299998799,12,2,2,1,1,1,1,0.45175395145262565,0.45175395145262565,0.45175395145262565,0.0,1.1139433523068367,1.1139433523068367,1.1139433523068367,0.9030899869919435,12,2,1.7142857142857142,1,1,1,1,0.45175395145262565,0.45175395145262565,0.45175395145262565,0.0,1,0,0.7142857142857143,0.4517539514526257,7,3,0,27,13,0,0,2,0,0,0,0,7,0,1,0,2,0,1,0,12,1,2,1.7142857142857142,0.45175395145262565,0,0,0,0.0,0.0,2,0,1,0.2857142857142857,0.45175395145262565,2,2,2,1
Tfun,719,242,355,5,9.48,14.16,122,21,71,3,2,0,21.95289502548582,4.1387920943193075,13.35868256977461,555,244,338,9.56,9.56,13.52,101,28,76,2,2,0,18.648324321504063,4.988627065636396,14.546807209831305,6,9,109,50,107,25,25,174,21,2,0,0,0,0,6.2768144786985705,6.249991999994879,6.966663476873273,2.6241951146970757,3,0,0.8,0.692820323027551,1,1,0,113,8,1,1,378,77,81,32,24,11,5,9,3,16,17,2,3,0,0,1,0,31,11,16,5,1.4,3.2,10,2,8,3,1,1,2.4819347291981715,0.4898979485566356,2.4819347291981715,1.4313637641589874,0.9030899869919435,1.2304489213782739,26,7,16,5.2,1.4,3.2,10,2,8,3,1,1,2.4819347291981715,0.4898979485566356,2.4819347291981715,1.3424226808222062,0.9030899869919435,1.2304489213782739,25,11,16,4.2,1.4,3.2,9,2,8,2,1,1,2.4819347291981715,0.4898979485566356,2.4819347291981715,21,7,16,4.2,1.4,3.2,9,2,8,2,1,1,2.4819347291981715,0.4898979485566356,2.4819347291981715,0,0,5,3,5,6,2,0,1.2,0.7483314773547883,6,2,0,1.2,0.7483314773547883,8,4,2,1,1,1,1,1.2000000000000002,1.2000000000000002,1.2000000000000002,0.0,0.9542425094393249,0.9542425094393249,0.9542425094393249,0.7781512503836436,8,4,1.6,1,1,1,1,1.2000000000000002,1.2000000000000002,1.2000000000000002,0.0,1,0,0.2,0.4000000000000001,27,8,0,15,20,2,0,3,0,0,0,0,5,0,2,0,2,3,4,0,8,1,4,1.6,1.2000000000000002,1,0,1,0.2,0.4000000000000001,2,0,2,0.4,0.8000000000000002,1,8,0,1
Tident,719,242,355,5,9.48,14.16,122,21,71,3,2,0,21.95289502548582,4.1387920943193075,13.35868256977461,555,244,338,9.56,9.56,13.52,101,28,76,2,2,0,18.648324321504063,4.988627065636396,14.546807209831305,6,9,109,50,107,25,25,174,21,2,0,0,0,0,6.2768144786985705,6.249991999994879,6.966663476873273,2.6241951146970757,3,0,0.8,0.692820323027551,1,1,0,113,8,1,1,304,67,57,26,24,11,5,4,3,13,8,3,3,0,0,0,0,29,11,14,5,1.4,2.8,7,2,5,3,1,1,1.6,0.4898979485566356,1.6,1.3979400086720377,0.9030899869919435,1.1760912590556813,24,7,14,4.8,1.4,2.8,7,2,5,3,1,1,1.6,0.4898979485566356,1.6,1.2787536009528289,0.9030899869919435,1.146128035678238,22,11,13,3.6,1.4,2.6,6,2,5,2,1,1,1.4966629547095767,0.4898979485566356,1.4966629547095767,18,7,13,3.6,1.4,2.6,6,2,5,2,1,1,1.4966629547095767,0.4898979485566356,1.4966629547095767,0,0,5,3,5,5,2,0,1.0,0.6324555320336759,5,2,0,1.0,0.6324555320336759,8,3,2,1,1,1,1,0.8,0.8,0.8,0.0,0.9542425094393249,0.9542425094393249,0.9542425094393249,0.7781512503836436,8,3,1.6,1,1,1,1,0.8,0.8,0.8,0.0,1,0,0.4,0.48989794855663565,47,5,0,17,12,2,0,0,0,0,0,0,5,0,2,0,2,3,4,0,8,1,3,1.6,0.8,0,0,0,0.0,0.0,2,0,1,0.4,0.48989794855663565,1,5,3,1
Tifthenelse,719,242,355,5,9.48,14.16,122,21,71,3,2,0,21.95289502548582,4.1387920943193075,13.35868256977461,555,244,338,9.56,9.56,13.52,101,28,76,2,2,0,18.648324321504063,4.988627065636396,14.546807209831305,6,9,109,50,107,25,25,174,21,2,0,0,0,0,6.2768144786985705,6.249991999994879,6.966663476873273,2.6241951146970757,3,0,0.8,0.692820323027551,1,1,0,113,8,1,1,295,55,67,19,19,10,4,6,1,15,9,3,1,0,0,0,0,29,9,15,5,1.2,3.0,7,2,5,3,1,1,1.2649110640673518,0.4,1.2649110640673518,1.414973347970818,0.8450980400142568,1.2041199826559248,25,6,15,5.0,1.2,3.0,7,2,5,3,1,1,1.2649110640673518,0.4,1.2649110640673518,1.3010299956639813,0.8450980400142568,1.1760912590556813,22,9,14,3.8,1.2,2.8,5,2,4,2,1,1,0.9797958971132712,0.4,0.9797958971132712,19,6,14,3.8,1.2,2.8,5,2,4,2,1,1,0.9797958971132712,0.4,0.9797958971132712,0,0,5,3,5,7,3,0,1.4,1.019803902718557,7,3,0,1.4,1.019803902718557,6,2,1,1,1,1,1,0.4,0.4,0.4,0.0,0.8450980400142568,0.8450980400142568,0.8450980400142568,0.7781512503836436,6,2,1.2,1,1,1,1,0.4,0.4,0.4,0.0,1,0,0.2,0.4,0,3,0,19,13,0,0,3,0,0,0,0,5,0,2,0,2,3,4,0,6,1,2,1.2,0.4,0,0,0,0.0,0.0,1,0,1,0.2,0.4,1,3,0,1
Tnumber,719,242,355,5,9.48,14.16,122,21,71,3,2,0,21.95289502548582,4.1387920943193075,13.35868256977461,555,244,338,9.56,9.56,13.52,101,28,76,2,2,0,18.648324321504063,4.988627065636396,14.546807209831305,6,9,109,50,107,25,25,174,21,2,0,0,0,0,6.2768144786985705,6.249991999994879,6.966663476873273,2.6241951146970757,3,0,0.8,0.692820323027551,1,1,0,113,8,1,1,184,49,27,18,18,9,2,2,2,6,1,2,0,0,2,0,0,17,7,4,3,1.0,0.8,4,1,2,2,1,0,0.7483314773547882,0.0,0.7483314773547883,1.1760912590556813,0.7781512503836436,0.6989700043360189,14,5,4,2.8,1.0,0.8,4,1,2,2,1,0,0.7483314773547882,0.0,0.7483314773547883,1.041392685158225,0.7781512503836436,0.7781512503836436,12,7,5,2.0,1.0,1.0,4,1,3,1,1,0,1.0954451150103321,0.0,1.0954451150103321,10,5,5,2.0,1.0,1.0,4,1,3,1,1,0,1.0954451150103321,0.0,1.0954451150103321,0,0,5,1,5,5,2,0,1.0,0.6324555320336759,5,2,0,1.0,0.6324555320336759,6,2,1,1,1,1,1,0.4000000000000001,0.4000000000000001,0.4000000000000001,0.0,0.8450980400142568,0.8450980400142568,0.8450980400142568,0.7781512503836436,6,2,1.2,1,1,1,1,0.4000000000000001,0.4000000000000001,0.4000000000000001,0.0,1,0,0.2,0.4000000000000001,40,3,0,4,5,0,0,0,0,0,0,0,5,0,2,0,2,3,4,0,6,1,2,1.2,0.4000000000000001,0,0,0,0.0,0.0,1,0,1,0.2,0.4000000000000001,1,2,0,1
Tparlist,719,242,355,5,9.48,14.16,122,21,71,3,2,0,21.95289502548582,4.1387920943193075,13.35868256977461,555,244,338,9.56,9.56,13.52,101,28,76,2,2,0,18.648324321504063,4.988627065636396,14.546807209831305,6,9,109,50,107,25,25,174,21,2,0,0,0,0,6.2768144786985705,6.249991999994879,6.966663476873273,2.6241951146970757,3,0,0.8,0.692820323027551,1,1,0,113,8,1,1,259,57,53,19,20,11,5,8,3,11,6,2,3,0,0,1,0,24,9,12,5,1.5,3.0,6,3,4,4,1,2,1.0,0.8660254037844386,1.0,1.3222192947339193,0.8450980400142568,1.1139433523068367,14,3,8,4.666666666666667,1.0,2.6666666666666665,6,1,4,4,1,2,0.9428090415820634,0.0,0.9428090415820634,1.2304489213782739,0.7781512503836436,1.1139433523068367,19,8,12,4.0,1.25,3.0,6,2,5,3,1,2,1.224744871391589,0.4330127018922193,1.224744871391589,10,3,7,3.3333333333333335,1.0,2.3333333333333335,4,1,3,3,1,2,0.4714045207910317,0.0,0.4714045207910317,0,0,4,2,3,6,3,0,1.5,1.118033988749895,3,2,0,1.0,0.816496580927726,7,3,2,1,1,1,1,0.82915619758885,0.82915619758885,0.82915619758885,0.0,0.9030899869919435,0.9030899869919435,0.9030899869919435,0.6989700043360189,4,2,1.3333333333333333,1,1,1,1,0.4714045207910317,0.4714045207910317,0.4714045207910317,0.0,1,0,0.5,0.5,0,5,0,12,12,0,0,2,0,0,0,0,4,1,1,0,2,0,1,0,8,1,4,2.0,1.224744871391589,1,0,1,0.25,0.4330127018922193,1,0,1,0.25,0.4330127018922193,2,4,2,1
Tprogram,719,242,355,5,9.48,14.16,122,21,71,3,2,0,21.95289502548582,4.1387920943193075,13.35868256977461,555,244,338,9.56,9.56,13.52,101,28,76,2,2,0,18.648324321504063,4.988627065636396,14.546807209831305,6,9,109,50,107,25,25,174,21,2,0,0,0,0,6.2768144786985705,6.249991999994879,6.966663476873273,2.6241951146970757,3,0,0.8,0.692820323027551,1,1,0,113,8,1,1,575,103,115,35,31,11,9,15,5,34,26,6,2,0,0,5,0,52,17,29,6,1.4285714285714286,4.142857142857143,11,4,8,4,1,2,2.1189138534559038,1.0497813183356477,1.8070158058105026,1.6532125137753437,1.041392685158225,1.4771212547196624,38,9,25,6.333333333333333,1.5,4.166666666666667,11,4,8,4,1,2,2.2852182001336816,1.118033988749895,1.950783318453271,1.5797835966168101,1.041392685158225,1.4771212547196624,44,17,29,5.285714285714286,1.4285714285714286,4.142857142857143,12,4,10,2,1,1,3.010186786529354,1.0497813183356477,2.695423180587601,32,9,25,5.333333333333333,1.5,4.166666666666667,12,4,10,2,1,1,3.2489314482696545,1.118033988749895,2.91070819942883,0,0,7,6,6,4,4,0,0.5714285714285714,1.3997084244475306,4,4,0,0.6666666666666666,1.49071198499986,9,2,1,1,1,1,1,0.45175395145262565,0.45175395145262565,0.45175395145262565,0.0,1.0,1.0,1.0,0.9030899869919435,8,2,1.3333333333333333,1,1,1,1,0.4714045207910317,0.4714045207910317,0.4714045207910317,0.0,1,0,0.2857142857142857,0.45175395145262565,38,6,0,34,28,1,0,6,0,0,0,0,7,1,1,0,2,0,1,0,9,1,2,1.2857142857142858,0.45175395145262565,0,0,0,0.0,0.0,0,0,0,0.0,0.0,1,5,1,1
Tuminus,719,242,355,5,9.48,14.16,122,21,71,3,2,0,21.95289502548582,4.1387920943193075,13.35868256977461,555,244,338,9.56,9.56,13.52,101,28,76,2,2,0,18.648324321504063,4.988627065636396,14.546807209831305,6,9,109,50,107,25,25,174,21,2,0,0,0,0,6.2768144786985705,6.249991999994879,6.966663476873273,2.6241951146970757,3,0,0.8,0.692820323027551,1,1,0,113,8,1,1,181,42,32,14,15,7,1,2,2,6,3,2,0,0,0,0,0,18,7,5,3,1.0,1.0,3,1,1,3,1,1,0.0,0.0,0.0,1.2041199826559248,0.7781512503836436,0.7781512503836436,15,5,5,3.0,1.0,1.0,3,1,1,3,1,1,0.0,0.0,0.0,1.041392685158225,0.7781512503836436,0.7781512503836436,12,7,5,2.0,1.0,1.0,2,1,1,2,1,1,0.0,0.0,0.0,10,5,5,2.0,1.0,1.0,2,1,1,2,1,1,0.0,0.0,0.0,0,0,5,1,5,5,2,0,1.0,0.6324555320336759,5,2,0,1.0,0.6324555320336759,5,1,1,1,1,1,1,0.0,0.0,0.0,0.0,0.7781512503836436,0.7781512503836436,0.7781512503836436,0.7781512503836436,5,1,1.0,1,1,1,1,0.0,0.0,0.0,0.0,0,0,0.0,0.0,0,2,0,9,8,0,0,1,0,0,0,0,5,0,2,0,2,3,4,0,5,1,1,1.0,0.0,0,0,0,0.0,0.0,0,0,0,0.0,0.0,1,2,0,1
Utility,719,242,355,5,9.48,14.16,122,21,71,3,2,0,21.95289502548582,4.1387920943193075,13.35868256977461,555,244,338,9.56,9.56,13.52,101,28,76,2,2,0,18.648324321504063,4.988627065636396,14.546807209831305,6,9,109,50,107,25,25,174,21,2,0,0,0,0,6.2768144786985705,6.249991999994879,6.966663476873273,2.6241951146970757,3,0,0.8,0.692820323027551,1,1,0,113,8,1,1,151,42,14,12,24,7,5,0,0,6,2,1,0,0,0,0,0,15,11,9,3,1.0,1.0,3,1,1,3,1,1,0.0,0.0,0.0,0.6020599913279624,0.3010299956639812,0.3010299956639812,3,1,1,3.0,1.0,1.0,3,1,1,3,1,1,0.0,0.0,0.0,0.47712125471966244,0.3010299956639812,0.3010299956639812,8,7,1,2.0,1.0,1.0,2,1,1,2,1,1,0.0,0.0,0.0,2,1,1,2.0,1.0,1.0,2,1,1,2,1,1,0.0,0.0,0.0,1,5,0,0,1,1,1,1,1.0,0.0,1,1,1,1.0,0.0,1,1,1,1,1,1,1,0.0,0.0,0.0,0.0,0.3010299956639812,0.3010299956639812,0.3010299956639812,0.3010299956639812,1,1,1.0,1,1,1,1,0.0,0.0,0.0,0.0,0,0,0.0,0.0,0,0,0,4,1,0,0,1,0,0,0,0,1,0,1,0,1,0,0,0,1,1,1,1.0,0.0,0,0,0,0.0,0.0,0,0,0,0.0,0.0,0,0,0,1
Yytoken,719,242,355,5,9.48,14.16,122,21,71,3,2,0,21.95289502548582,4.1387920943193075,13.35868256977461,555,244,338,9.56,9.56,13.52,101,28,76,2,2,0,18.648324321504063,4.988627065636396,14.546807209831305,6,9,109,50,107,25,25,174,21,2,0,0,0,0,6.2768144786985705,6.249991999994879,6.966663476873273,2.6241951146970757,3,0,0.8,0.692820323027551,1,1,0,113,8,1,1,172,36,31,13,16,4,5,9,1,11,0,1,0,0,0,0,0,21,8,10,7,1.0,5.0,7,1,5,7,1,5,0.0,0.0,0.0,1.1760912590556813,0.47712125471966244,1.041392685158225,14,2,10,7.0,1.0,5.0,7,1,5,7,1,5,0.0,0.0,0.0,0.9542425094393249,0.47712125471966244,0.8450980400142568,14,8,6,4.0,1.0,3.0,6,1,5,2,1,1,2.0,0.0,2.0,8,2,6,4.0,1.0,3.0,6,1,5,2,1,1,2.0,0.0,2.0,0,0,2,5,2,5,5,0,2.5,2.5,5,5,0,2.5,2.5,2,1,1,1,1,1,1,0.0,0.0,0.0,0.0,0.47712125471966244,0.47712125471966244,0.47712125471966244,0.47712125471966244,2,1,1.0,1,1,1,1,0.0,0.0,0.0,0.0,0,0,0.0,0.0,0,1,0,10,7,0,0,0,0,1,0,0,1,0,1,0,1,0,0,0,2,1,1,1.0,0.0,0,0,0,0.0,0.0,0,0,0,0.0,0.0,1,0,0,1
